{
    "faces": [0,0,1,2,0,3,4,5,0,6,7,8,0,9,10,11,0,12,13,14,0,15,16,17,0,18,19,20,0,21,22,23,0,24,25,26,0,27,28,29,0,30,31,32,0,33,34,35,0,36,37,38,0,39,40,41,0,42,43,44,0,45,46,47,0,48,49,50,0,51,52,53,0,54,55,56,0,57,58,59,0,60,61,62,0,63,64,65,0,66,67,68,0,69,70,71,0,72,73,74,0,75,76,77,0,78,79,80,0,81,82,83,0,84,85,86,0,87,88,89,0,90,91,92,0,93,94,95,0,96,97,98,0,99,100,101,0,102,103,104,0,105,106,107,0,108,109,110,0,111,112,113,0,114,115,116,0,117,118,119,0,120,121,122,0,123,124,125,0,126,127,128,0,129,130,131,0,132,133,134,0,135,136,137,0,138,139,140,0,141,142,143,0,144,145,146,0,147,148,149,0,150,151,152,0,153,154,155,0,156,157,158,0,159,160,161,0,162,163,164,0,165,166,167,0,168,169,170,0,171,172,173,0,174,175,176,0,177,178,179,0,180,181,182,0,183,184,185,0,186,187,188,0,189,190,191],
    "materials": [{
        "transparent": true,
        "mapLightWrap": ["RepeatWrapping","RepeatWrapping"],
        "mapLightAnisotropy": 1.0,
        "colorEmissive": [0.0,0.0,0.0],
        "DbgIndex": 0,
        "depthTest": true,
        "wireframe": false,
        "depthWrite": true,
        "blending": "NormalBlending",
        "DbgName": "BZn_diban",
        "visible": true,
        "colorAmbient": [0.4705882619409003,0.4705882619409003,0.4705882619409003],
        "mapLight": "BZn_diban.tga",
        "shading": "lambert",
        "colorDiffuse": [0.4705882619409003,0.4705882619409003,0.4705882619409003],
        "opacity": -1.0,
        "DbgColor": 15658734,
        "mapLightRepeat": [1,1]
    }],
    "name": "Untitled.016Geometry",
    "normals": [0.0,0.0,1.0,0.0,0.0,0.999969482421875],
    "uvs": [0.9274106621742249,0.9973036050796509,0.9153980612754822,-80.40321350097656,0.1716010868549347,-80.40188598632812,0.1716010868549347,-80.40188598632812,0.17160092294216156,0.9992786645889282,0.9274106621742249,0.9973036050796509,0.0016027530655264854,0.9984384775161743,0.14585255086421967,-80.412841796875,0.9274550080299377,-80.40840911865234,0.9274550080299377,-80.40840911865234,0.9274553656578064,1.0037189722061157,0.0016027530655264854,0.9984384775161743,-0.08492547273635864,0.7049280405044556,-0.08492523431777954,7.87077522277832,0.9274553656578064,7.870474815368652,0.9274553656578064,7.870474815368652,0.9274553656578064,0.7046273946762085,-0.08492547273635864,0.7049280405044556,0.9274553656578064,7.870474815368652,-0.08492523431777954,7.87077522277832,-0.08492496609687805,15.715276718139648,-0.08492496609687805,15.715276718139648,0.9274554252624512,15.71497631072998,0.9274553656578064,7.870474815368652,1.1995919942855835,8.72193717956543,1.929119348526001,8.72193717956543,1.9291157722473145,0.8726118803024292,1.9291157722473145,0.8726118803024292,1.1995849609375,0.8726118803024292,1.1995919942855835,8.72193717956543,-0.08567282557487488,0.708765983581543,0.9274553656578064,0.7084653377532959,0.9274553656578064,7.87180233001709,0.9274553656578064,7.87180233001709,-0.08567282557487488,7.872102737426758,-0.08567282557487488,0.708765983581543,0.9274553656578064,7.87180233001709,0.9274553656578064,15.71389102935791,-0.08567282557487488,15.71607780456543,-0.08567282557487488,15.71607780456543,-0.08567282557487488,7.872102737426758,0.9274553656578064,7.87180233001709,1.1994470357894897,8.722883224487305,1.199446201324463,0.8735584020614624,1.9289777278900146,0.8735584020614624,1.9289777278900146,0.8735584020614624,1.9289743900299072,8.722883224487305,1.1994470357894897,8.722883224487305,-0.08158769458532333,7.750913619995117,-0.08158747106790543,14.748165130615234,0.9274554252624512,14.747864723205566,0.9274554252624512,14.747864723205566,0.9274554252624512,7.750613212585449,-0.08158769458532333,7.750913619995117,-0.08158769458532333,7.750913619995117,0.9274554252624512,7.750613212585449,0.9274554252624512,14.747864723205566,0.9274554252624512,14.747864723205566,-0.08158747106790543,14.748165130615234,-0.08158769458532333,7.750913619995117,0.9274554252624512,-14.051405906677246,0.9274554252624512,-16.40826988220215,0.09590214490890503,-16.405065536499023,0.09590214490890503,-16.405065536499023,0.09590214490890503,-14.04820442199707,0.9274554252624512,-14.051405906677246,0.9274553656578064,-18.37691879272461,0.9274553656578064,-20.733781814575195,0.09507288783788681,-20.731029510498047,0.09507288783788681,-20.731029510498047,0.09507659822702408,-18.374168395996094,0.9274553656578064,-18.37691879272461,0.9274554252624512,-14.051405906677246,0.9274554252624512,-16.40826988220215,0.09590214490890503,-16.405065536499023,0.09590214490890503,-16.405065536499023,0.09590214490890503,-14.04820442199707,0.9274554252624512,-14.051405906677246,0.9274553656578064,-18.37691879272461,0.9274553656578064,-20.733781814575195,0.09507288783788681,-20.731029510498047,0.09507288783788681,-20.731029510498047,0.09507659822702408,-18.374168395996094,0.9274553656578064,-18.37691879272461,-0.08158747106790543,14.745502471923828,-0.08158747106790543,37.27950668334961,0.9274553656578064,37.27920150756836,0.9274553656578064,37.27920150756836,0.9274553656578064,14.74520206451416,-0.08158747106790543,14.745502471923828,0.9274554252624512,37.27920150756836,0.9274553656578064,15.861441612243652,0.40169966220855713,15.860054969787598,0.16336336731910706,37.27950668334961,0.9274554252624512,37.27920150756836,0.40169966220855713,15.860054969787598,0.16336265206336975,14.745502471923828,0.16336336731910706,37.27950668334961,0.40169966220855713,15.860054969787598,0.4040880799293518,14.745502471923828,0.16336265206336975,14.745502471923828,0.40169966220855713,15.860054969787598,0.9274553656578064,0.9979198575019836,0.9236872792243958,-80.40218353271484,0.16819334030151367,-80.40188598632812,0.16819334030151367,-80.40188598632812,0.1681932508945465,0.9982205033302307,0.9274553656578064,0.9979198575019836,-12.071661949157715,-49.4756965637207,-12.071661949157715,-52.382713317871094,-12.895809173583984,-52.38291931152344,-12.895809173583984,-52.38291931152344,-12.89581298828125,-49.47590255737305,-12.071661949157715,-49.4756965637207,-12.071661949157715,-49.4756965637207,-12.071661949157715,-52.382713317871094,-12.895809173583984,-52.38291931152344,-12.895809173583984,-52.38291931152344,-12.89581298828125,-49.47590255737305,-12.071661949157715,-49.4756965637207,-12.071661949157715,-49.4756965637207,-12.071661949157715,-52.382713317871094,-12.895809173583984,-52.38291931152344,-12.895809173583984,-52.38291931152344,-12.89581298828125,-49.47590255737305,-12.071661949157715,-49.4756965637207,-12.071661949157715,-49.4756965637207,-12.071661949157715,-53.84817123413086,-12.895807266235352,-53.8483772277832,-12.895807266235352,-53.8483772277832,-12.89581298828125,-49.47590255737305,-12.071661949157715,-49.4756965637207,-12.071661949157715,-49.4756965637207,-12.071661949157715,-52.382713317871094,-12.895809173583984,-52.38291931152344,-12.895809173583984,-52.38291931152344,-12.89581298828125,-49.47590255737305,-12.071661949157715,-49.4756965637207,-12.071661949157715,-49.4756965637207,-12.071661949157715,-53.84817123413086,-12.895807266235352,-53.8483772277832,-12.895807266235352,-53.8483772277832,-12.89581298828125,-49.47590255737305,-12.071661949157715,-49.4756965637207,0.16336268186569214,15.868741035461426,0.9274553656578064,15.861441612243652,0.9274554252624512,37.27920150756836,0.9274554252624512,37.27920150756836,0.16336336731910706,37.27950668334961,0.16336268186569214,15.868741035461426,0.16336268186569214,15.868741035461426,0.9274553656578064,15.861441612243652,0.9274554252624512,37.27920150756836,0.9274554252624512,37.27920150756836,0.16336336731910706,37.27950668334961,0.16336268186569214,15.868741035461426,0.9123926162719727,-81.24217987060547,0.0011938452953472733,-81.24095153808594,0.0010981136001646519,-60.73166275024414,0.0010981136001646519,-60.73166275024414,0.9190804958343506,-60.72753143310547,0.9123926162719727,-81.24217987060547,0.15072502195835114,-81.25199890136719,0.9274550080299377,-81.24759674072266,0.9274650812149048,-60.72957992553711,0.9274650812149048,-60.72957992553711,