{
    "faces": [0,0,1,2,0,3,4,5,0,6,7,8,0,9,10,11,0,12,13,14,0,15,16,17,0,18,19,20,0,21,22,23,0,24,25,26,0,27,28,29,0,30,31,32,0,33,34,35,0,36,37,38,0,39,40,41,0,42,43,44,0,45,46,47,0,48,49,50,0,51,52,53,0,54,55,56,0,57,58,59,0,60,61,62,0,63,64,65,0,66,67,68,0,69,70,71,0,72,73,74,0,75,76,77,0,78,79,80,0,81,82,83,0,84,85,86,0,87,88,89,0,90,91,92,0,93,94,95,0,96,97,98,0,99,100,101,0,102,103,104,0,105,106,107,0,108,109,110,0,111,112,113,0,114,115,116,0,117,118,119,0,120,121,122,0,123,124,125,0,126,127,128,0,129,130,131,0,132,133,134,0,135,136,137,0,138,139,140,0,141,142,143,0,144,145,146,0,147,148,149,0,150,151,152,0,153,154,155,0,156,157,158,0,159,160,161,0,162,163,164,0,165,166,167,0,168,169,170,0,171,172,173,0,174,175,176,0,177,178,179,0,180,181,182,0,183,184,185,0,186,187,188,0,189,190,191],
    "materials": [{
        "transparent": true,
        "mapLightWrap": ["RepeatWrapping","RepeatWrapping"],
        "mapLightAnisotropy": 1.0,
        "colorEmissive": [0.0,0.0,0.0],
        "DbgIndex": 0,
        "depthTest": true,
        "wireframe": false,
        "depthWrite": true,
        "blending": "NormalBlending",
        "DbgName": "BZn_shangpu5",
        "visible": true,
        "colorAmbient": [0.4705882619409003,0.4705882619409003,0.4705882619409003],
        "mapLight": "BZn_shangpu5.tga",
        "shading": "lambert",
        "colorDiffuse": [0.4705882619409003,0.4705882619409003,0.4705882619409003],
        "opacity": -1.0,
        "DbgColor": 15658734,
        "mapLightRepeat": [1,1]
    }],
    "name": "Untitled.004Geometry",
    "normals": [-0.999969482421875,0.0,0.0,-1.0,0.0,0.0,0.999969482421875,0.0,0.0,1.0,0.0,0.0],
    "uvs": [-1.1920928955078125e-06,0.0,1.0000019073486328,0.0,1.0000019073486328,1.0,1.0000019073486328,1.0,-1.1920928955078125e-06,1.0,-1.1920928955078125e-06,0.0,-1.1920928955078125e-06,0.0,1.0000019073486328,0.0,1.0000019073486328,1.0,1.0000019073486328,1.0,-1.1920928955078125e-06,1.0,-1.1920928955078125e-06,0.0,-1.1920928955078125e-06,0.0,1.0000019073486328,0.0,1.0000019073486328,1.0,1.0000019073486328,1.0,-1.1920928955078125e-06,1.0,-1.1920928955078125e-06,0.0,-1.1920928955078125e-06,0.0,1.0000019073486328,0.0,1.0000019073486328,1.0,1.0000019073486328,1.0,-1.1920928955078125e-06,1.0,-1.1920928955078125e-06,0.0,-1.1920928955078125e-06,0.0,1.0000019073486328,0.0,1.0000019073486328,1.0,1.0000019073486328,1.0,-1.1920928955078125e-06,1.0,-1.1920928955078125e-06,0.0,-1.1920928955078125e-06,0.0,1.0000019073486328,0.0,1.0000019073486328,1.0,1.0000019073486328,1.0,-1.1920928955078125e-06,1.0,-1.1920928955078125e-06,0.0,-1.1920928955078125e-06,0.0,1.0000019073486328,0.0,1.0000019073486328,1.0,1.0000019073486328,1.0,-1.1920928955078125e-06,1.0,-1.1920928955078125e-06,0.0,-1.1920928955078125e-06,0.0,1.0000019073486328,0.0,1.0000019073486328,1.0,1.0000019073486328,1.0,-1.1920928955078125e-06,1.0,-1.1920928955078125e-06,0.0,-1.1920928955078125e-06,0.0,1.0000019073486328,0.0,1.0000019073486328,1.0,1.0000019073486328,1.0,-1.1920928955078125e-06,1.0,-1.1920928955078125e-06,0.0,-1.1920928955078125e-06,0.0,1.0000019073486328,0.0,1.0000019073486328,1.0,1.0000019073486328,1.0,-1.1920928955078125e-06,1.0,-1.1920928955078125e-06,0.0,-1.1920928955078125e-06,0.0,1.0000019073486328,0.0,1.0000019073486328,1.0,1.0000019073486328,1.0,-1.1920928955078125e-06,1.0,-1.1920928955078125e-06,0.0,-1.1920928955078125e-06,0.0,1.0000019073486328,0.0,1.0000019073486328,1.0,1.0000019073486328,1.0,-1.1920928955078125e-06,1.0,-1.1920928955078125e-06,0.0,-1.1920928955078125e-06,0.0,1.0000019073486328,0.0,1.0000019073486328,1.0,1.0000019073486328,1.0,-1.1920928955078125e-06,1.0,-1.1920928955078125e-06,0.0,-1.1920928955078125e-06,0.0,1.0000019073486328,0.0,1.0000019073486328,1.0,1.0000019073486328,1.0,-1.1920928955078125e-06,1.0,-1.1920928955078125e-06,0.0,-1.1920928955078125e-06,0.0,1.0000019073486328,0.0,1.0000019073486328,1.0,1.0000019073486328,1.0,-1.1920928955078125e-06,1.0,-1.1920928955078125e-06,0.0,-1.1920928955078125e-06,0.0,1.0000019073486328,0.0,1.0000019073486328,1.0,1.0000019073486328,1.0,-1.1920928955078125e-06,1.0,-1.1920928955078125e-06,0.0,-1.1920928955078125e-06,0.0,1.0000019073486328,0.0,1.0000019073486328,1.0,1.0000019073486328,1.0,-1.1920928955078125e-06,1.0,-1.1920928955078125e-06,0.0,-1.1920928955078125e-06,0.0,1.0000019073486328,0.0,1.0000019073486328,1.0,1.0000019073486328,1.0,-1.1920928955078125e-06,1.0,-1.1920928955078125e-06,0.0,-1.1920928955078125e-06,0.0,1.0000019073486328,0.0,1.0000019073486328,1.0,1.0000019073486328,1.0,-1.1920928955078125e-06,1.0,-1.1920928955078125e-06,0.0,-1.1920928955078125e-06,0.0,1.0000019073486328,0.0,1.0000019073486328,1.0,1.0000019073486328,1.0,-1.1920928955078125e-06,1.0,-1.1920928955078125e-06,0.0,-1.1920928955078125e-06,0.0,1.0000019073486328,0.0,1.0000019073486328,1.0,1.0000019073486328,1.0,-1.1920928955078125e-06,1.0,-1.1920928955078125e-06,0.0,-1.1920928955078125e-06,0.0,1.0000019073486328,0.0,1.0000019073486328,1.0,1.0000019073486328,1.0,-1.1920928955078125e-06,1.0,-1.1920928955078125e-06,0.0,-1.1920928955078125e-06,0.0,1.0000019073486328,0.0,1.0000019073486328,1.0,1.0000019073486328,1.0,-1.1920928955078125e-06,1.0,-1.1920928955078125e-06,0.0,-1.1920928955078125e-06,0.0,1.0000019073486328,0.0,1.0000019073486328,1.0,1.0000019073486328,1.0,-1.1920928955078125e-06,1.0,-1.1920928955078125e-06,0.0,-1.1920928955078125e-06,0.0,1.0000019073486328,0.0,1.0000019073486328,1.0,1.0000019073486328,1.0,-1.1920928955078125e-06,1.0,-1.1920928955078125e-06,0.0,-1.1920928955078125e-06,0.0,1.0000019073486328,0.0,1.0000019073486328,1.0,1.0000019073486328,1.0,-1.1920928955078125e-06,1.0,-1.1920928955078125e-06,0.0,-1.1920928955078125e-06,0.0,1.0000019073486328,0.0,1.0000019073486328,1.0,1.0000019073486328,1.0,-1.1920928955078125e-06,1.0,-1.1920928955078125e-06,0.0,-1.1920928955078125e-06,0.0,1.0000019073486328,0.0,1.0000019073486328,1.0,1.0000019073486328,1.0,-1.1920928955078125e-06,1.0,-1.1920928955078125e-06,0.0,-1.1920928955078125e-06,0.0,1.0000019073486328,0.0,1.0000019073486328,1.0,1.0000019073486328,1.0,-1.1920928955078125e-06,1.0,-1.1920928955078125e-06,0.0,-1.1920928955078125e-06,0.0,1.0000019073486328,0.0,1.0000019073486328,1.0,1.0000019073486328,1.0,-1.1920928955078125e-06,1.0,-1.1920928955078125e-06,0.0,-1.1920928955078125e-06,0.0,1.0000019073486328,0.0,1.0000019073486328,1.0,1.0000019073486328,1.0,-1.1920928955078125e-06,1.0,-1.1920928955078125e-06,0.0,-1.1920928955078125e-06,0.0,1.0000019073486328,0.0,1.0000019073486328,1.0,1.0000019073486328,1.0,-1.1920928955078125e-06,1.0,-1.1920928955078125e-06,0.0],
    "metadata": {
        "version": 3,
        "normals": 4,
        "uvs": 384,
        "materials": 1,
        "type": "Geometry",
        "vertices": 192,
        "generator": "io_three",
        "faces": 64
    },