{
    "name": "Untitled.002Geometry",
    "faces": [0,0,1,2,0,3,4,5,0,6,7,8,0,9,10,11,0,12,13,14,0,15,16,17,0,18,19,20,0,21,22,23,0,24,25,26,0,27,28,29,0,30,31,32,0,33,34,35],
    "materials": [{
        "blending": "NormalBlending",
        "opacity": 0.0,
        "mapLightWrap": ["RepeatWrapping","RepeatWrapping"],
        "shading": "lambert",
        "DbgColor": 15658734,
        "transparent": false,
        "DbgName": "BZw_muxiang",
        "mapLightRepeat": [1,1],
        "depthTest": true,
        "DbgIndex": 0,
        "wireframe": false,
        "colorEmissive": [0.0,0.0,0.0],
        "colorDiffuse": [0.4704000066280365,0.4704000066280365,0.4704000066280365],
        "colorAmbient": [0.4704000066280365,0.4704000066280365,0.4704000066280365],
        "mapLight": "BZw_muxiang.tga",
        "depthWrite": true,
        "visible": true,
        "mapLightAnisotropy": 1.0
    }],
    "vertices": [35.51205825805664,-24.356300354003906,7.62939453125e-06,35.51205825805664,-24.356285095214844,42.370872497558594,-35.51204299926758,-24.356311798095703,42.370872497558594,-35.51204299926758,-24.356311798095703,42.370872497558594,-35.51204299926758,-24.356327056884766,7.62939453125e-06,35.51205825805664,-24.356300354003906,7.62939453125e-06,35.51204299926758,22.764339447021484,-1.52587890625e-05,-35.51205825805664,22.764312744140625,-1.52587890625e-05,-35.51205825805664,22.764328002929688,42.370849609375,-35.51205825805664,22.764328002929688,42.370849609375,35.51204299926758,22.764358520507812,42.370849609375,35.51204299926758,22.764339447021484,-1.52587890625e-05,35.51205825805664,-24.356300354003906,7.62939453125e-06,-35.51204299926758,-24.356327056884766,7.62939453125e-06,-35.51205825805664,22.764312744140625,-1.52587890625e-05,-35.51205825805664,22.764312744140625,-1.52587890625e-05,35.51204299926758,22.764339447021484,-1.52587890625e-05,35.51205825805664,-24.356300354003906,7.62939453125e-06,-35.51204299926758,-24.356327056884766,7.62939453125e-06,-35.51204299926758,-24.356311798095703,42.370872497558594,-35.51205825805664,22.764328002929688,42.370849609375,-35.51205825805664,22.764328002929688,42.370849609375,-35.51205825805664,22.764312744140625,-1.52587890625e-05,-35.51204299926758,-24.356327056884766,7.62939453125e-06,-35.51204299926758,-24.356311798095703,42.370872497558594,35.51205825805664,-24.356285095214844,42.370872497558594,35.51204299926758,22.764358520507812,42.370849609375,35.51204299926758,22.764358520507812,42.370849609375,-35.51205825805664,22.764328002929688,42.370849609375,-35.51204299926758,-24.356311798095703,42.370872497558594,35.51205825805664,-24.356285095214844,42.370872497558594,35.51205825805664,-24.356300354003906,7.62939453125e-06,35.51204299926758,22.764339447021484,-1.52587890625e-05,35.51204299926758,22.764339447021484,-1.52587890625e-05,35.51204299926758,22.764358520507812,42.370849609375,35.51205825805664,-24.356285095214844,42.370872497558594],
    "uvs": [0.634981095790863,0.5647578239440918,0.634981095790863,0.9814615845680237,0.01811610721051693,0.9814615845680237,0.01811610721051693,0.9814615845680237,0.01811610721051693,0.5647578239440918,0.634981095790863,0.5647578239440918,0.01811610721051693,0.5647578239440918,0.634981095790863,0.5647578239440918,0.634981095790863,0.9814615845680237,0.634981095790863,0.9814615845680237,0.01811610721051693,0.9814615845680237,0.01811610721051693,0.5647578239440918,0.04446955770254135,0.03036796674132347,0.9713122248649597,0.030367901548743248,0.9713124632835388,0.5376561284065247,0.9713124632835388,0.5376561284065247,0.04446955770254135,0.5376562476158142,0.04446955770254135,0.03036796674132347,0.9896020889282227,0.5647578239440918,0.9896020889282227,0.9814615845680237,0.651694655418396,0.9814615845680237,0.651694655418396,0.9814615845680237,0.651694655418396,0.5647578239440918,0.9896020889282227,0.5647578239440918,0.04341848939657211,0.03074180893599987,0.9702624678611755,0.03074180893599987,0.9702624678611755,0.538029134273529,0.9702624678611755,0.538029134273529,0.04341848939657211,0.538029134273529,0.04341848939657211,0.03074180893599987,0.9896020889282227,0.5647578239440918,0.9896020889282227,0.9814615845680237,0.651694655418396,0.9814615845680237,0.651694655418396,0.9814615845680237,0.651694655418396,0.5647578239440918,0.9896020889282227,0.5647578239440918],
    "normals": [0.5773491859436035,-0.5773491859436035,-0.5773491859436035,0.5773491859436035,-0.5773491859436035,0.5773491859436035,-0.5773491859436035,-0.5773491859436035,0.5773491859436035,-0.5773491859436035,-0.5773491859436035,-0.5773491859436035,0.5773491859436035,0.5773491859436035,-0.5773491859436035,-0.5773491859436035,0.5773491859436035,-0.5773491859436035,-0.5773491859436035,0.5773491859436035,0.5773491859436035,0.5773491859436035,0.5773491859436035,0.5773491859436035],
    "metadata": {
        "faces": 12,
        "type": "Geometry",
        "normals": 8,
        "generator": "io_three",
        "materials": 1,
        "vertices": 36,
        "uvs": 72,
        "version": 3
    }
}