{
    "name": "Untitled.006Geometry",
    "faces": [0,0,1,2,0,3,4,5,0,6,7,8,0,9,10,11,0,12,13,14,0,15,16,17,0,18,19,20,0,21,22,23,0,24,25,26,0,27,28,29,0,30,31,32,0,33,34,35,0,36,37,38,0,39,40,41,0,42,43,44,0,45,46,47,0,48,49,50,0,51,52,53,0,54,55,56,0,57,58,59],
    "materials": [{
        "blending": "NormalBlending",
        "opacity": 0.0,
        "mapLightWrap": ["RepeatWrapping","RepeatWrapping"],
        "shading": "lambert",
        "DbgColor": 15658734,
        "transparent": false,
        "DbgName": "17 - Default",
        "mapLightRepeat": [1,1],
        "depthTest": true,
        "DbgIndex": 0,
        "wireframe": false,
        "colorEmissive": [0.0,0.0,0.0],
        "colorDiffuse": [0.4705882619409003,0.4705882619409003,0.4705882619409003],
        "colorAmbient": [0.4705882619409003,0.4705882619409003,0.4705882619409003],
        "mapLight": "BZw_changyi.tga",
        "depthWrite": true,
        "visible": true,
        "mapLightAnisotropy": 1.0
    }],
    "vertices": [-15.397106170654297,-15.884521484375,106.2705078125,15.510788917541504,-15.83642578125,106.2705078125,15.510788917541504,15.83642578125,106.2705078125,15.510788917541504,15.83642578125,106.2705078125,-15.511360168457031,15.83642578125,106.2705078125,-15.397106170654297,-15.884521484375,106.2705078125,-26.616119384765625,-27.383544921875,0.21609878540039062,26.750431060791016,-27.318115234375,0.21609878540039062,26.79958724975586,-27.362060546875,85.57353210449219,26.79958724975586,-27.362060546875,85.57353210449219,-26.685909271240234,-27.41015625,85.57353210449219,-26.616119384765625,-27.383544921875,0.21609878540039062,-26.77165985107422,27.32666015625,0.21609878540039062,-26.616119384765625,-27.383544921875,0.21609878540039062,-26.685909271240234,-27.41015625,85.57353210449219,-26.685909271240234,-27.41015625,85.57353210449219,-26.800155639648438,27.362060546875,85.57353210449219,-26.77165985107422,27.32666015625,0.21609878540039062,26.79958724975586,-27.362060546875,85.57353210449219,15.510788917541504,-15.83642578125,106.2705078125,-15.397106170654297,-15.884521484375,106.2705078125,-15.397106170654297,-15.884521484375,106.2705078125,-26.685909271240234,-27.41015625,85.57353210449219,26.79958724975586,-27.362060546875,85.57353210449219,-26.685909271240234,-27.41015625,85.57353210449219,-15.397106170654297,-15.884521484375,106.2705078125,-15.511360168457031,15.83642578125,106.2705078125,-15.511360168457031,15.83642578125,106.2705078125,-26.800155639648438,27.362060546875,85.57353210449219,-26.685909271240234,-27.41015625,85.57353210449219,26.693309783935547,27.350830078125,0.216094970703125,-26.77165985107422,27.32666015625,0.21609878540039062,-26.800155639648438,27.362060546875,85.57353210449219,-26.800155639648438,27.362060546875,85.57353210449219,26.685340881347656,27.41015625,85.57353210449219,26.693309783935547,27.350830078125,0.216094970703125,26.750431060791016,-27.318115234375,0.21609878540039062,26.693309783935547,27.350830078125,0.216094970703125,26.685340881347656,27.41015625,85.57353210449219,26.685340881347656,27.41015625,85.57353210449219,26.79958724975586,-27.362060546875,85.57353210449219,26.750431060791016,-27.318115234375,0.21609878540039062,-26.800155639648438,27.362060546875,85.57353210449219,-15.511360168457031,15.83642578125,106.2705078125,15.510788917541504,15.83642578125,106.2705078125,15.510788917541504,15.83642578125,106.2705078125,26.685340881347656,27.41015625,85.57353210449219,-26.800155639648438,27.362060546875,85.57353210449219,26.685340881347656,27.41015625,85.57353210449219,15.510788917541504,15.83642578125,106.2705078125,15.510788917541504,-15.83642578125,106.2705078125,15.510788917541504,-15.83642578125,106.2705078125,26.79958724975586,-27.362060546875,85.57353210449219,26.685340881347656,27.41015625,85.57353210449219,-26.616119384765625,-27.383544921875,0.21609878540039062,-26.77165985107422,27.32666015625,0.21609878540039062,26.693309783935547,27.350830078125,0.216094970703125,26.693309783935547,27.350830078125,0.216094970703125,26.750431060791016,-27.318115234375,0.21609878540039062,-26.616119384765625,-27.383544921875,0.21609878540039062],
    "uvs": [0.00382827315479517,0.8389196395874023,0.1584256887435913,0.8389196395874023,0.15791848301887512,0.9883050322532654,0.15791848301887512,0.9883050322532654,0.0033210618421435356,0.9883050322532654,0.00382827315479517,0.8389196395874023,0.15448550879955292,0.3489380478858948,0.435983806848526,0.3498384356498718,0.435738742351532,0.8005075454711914,0.435738742351532,0.8005075454711914,0.1542404443025589,0.7996071577072144,0.15448550879955292,0.3489380478858948,0.15459544956684113,0.3485240936279297,0.4360294044017792,0.34942448139190674,0.43578433990478516,0.8004276156425476,0.43578433990478516,0.8004276156425476,0.1543503850698471,0.7995272874832153,0.15459544956684113,0.3485240936279297,0.435738742351532,0.8005075454711914,0.3926769196987152,0.9163445234298706,0.19935642182826996,0.9163445234298706,0.19935642182826996,0.9163445234298706,0.1542404443025589,0.7996071577072144,0.435738742351532,0.8005075454711914,0.43578433990478516,0.8004276156425476,0.3927159011363983,0.9161988496780396,0.19943596422672272,0.9161988496780396,0.19943596422672272,0.9161988496780396,0.1543503850698471,0.7995272874832153,0.43578433990478516,0.8004276156425476,0.15448550879955292,0.3489380478858948,0.435983806848526,0.3498384356498718,0.435738742351532,0.8005075454711914,0.435738742351532,0.8005075454711914,0.1542404443025589,0.7996071577072144,0.15448550879955292,0.3489380478858948,0.15459544956684113,0.3485240936279297,0.4360294044017792,0.34942448139190674,0.43578433990478516,0.8004276156425476,0.43578433990478516,0.8004276156425476,0.1543503850698471,0.7995272874832153,0.15459544956684113,0.3485240936279297,0.435738742351532,0.8005075454711914,0.3926769196987152,0.9163445234298706,0.19935642182826996,0.9163445234298706,0.19935642182826996,0.9163445234298706,0.1542404443025589,0.7996071577072144,0.435738742351532,0.8005075454711914,0.43578433990478516,0.8004276156425476,0.3927159011363983,0.9161988496780396,0.19943596422672272,0.9161988496780396,0.19943596422672272,0.9161988496780396,0.1543503850698471,0.7995272874832153,0.43578433990478516,0.8004276156425476,0.19662663340568542,0.6992404460906982,0.19642969965934753,0.7572444081306458,0.2564573884010315,0.7572444081306458,0.2564573884010315,0.7572444081306458,0.2566543221473694,0.6992404460906982,0.19662663340568542,0.6992404460906982],
    "normals": [-0.41007721424102783,-0.40885648131370544,0.8152409195899963,0.41267129778862,-0.4066896438598633,0.8150272965431213,0.413312166929245,0.40696433186531067,0.8145390152931213,-0.4123966097831726,0.40693381428718567,0.8150578141212463,-0.5758842825889587,-0.5783562660217285,-0.5777459144592285,0.5779900550842285,-0.5764641165733337,-0.5775322914123535,0.6778466105461121,-0.6769310832023621,0.286751925945282,-0.6758629083633423,-0.6789147853851318,0.286751925945282,-0.5781426429748535,0.5763725638389587,-0.5774712562561035,-0.6776635050773621,0.6770531535148621,0.286935031414032,0.5769218802452087,0.5775933265686035,-0.5774712562561035,0.6756798028945923,0.6791894435882568,0.2865382730960846],
    "metadata": {
        "faces": 20,
        "type": "Geometry",
        "normals": 12,
        "generator": "io_three",
        "materials": 1,
        "vertices": 60,
        "uvs": 120,
        "version": 3
    }
}