{
    "name": "Untitled.005Geometry",
    "faces": [0,0,1,2,0,3,4,5,0,6,7,8,0,9,10,11,0,12,13,14,0,15,16,17,0,18,19,20,0,21,22,23,0,24,25,26,0,27,28,29,0,30,31,32,0,33,34,35,0,36,37,38,0,39,40,41,0,42,43,44,0,45,46,47,0,48,49,50,0,51,52,53,0,54,55,56,0,57,58,59,0,60,61,62,0,63,64,65,0,66,67,68,0,69,70,71],
    "materials": [{
        "blending": "NormalBlending",
        "opacity": 0.0,
        "mapLightWrap": ["RepeatWrapping","RepeatWrapping"],
        "shading": "lambert",
        "DbgColor": 15658734,
        "transparent": false,
        "DbgName": "BZw_lajitongD",
        "mapLightRepeat": [1,1],
        "depthTest": true,
        "DbgIndex": 0,
        "wireframe": false,
        "colorEmissive": [0.0,0.0,0.0],
        "colorDiffuse": [0.4704000066280365,0.4704000066280365,0.4704000066280365],
        "colorAmbient": [0.4704000066280365,0.4704000066280365,0.4704000066280365],
        "mapLight": "BZw_lajitongD.tga",
        "depthWrite": true,
        "visible": true,
        "mapLightAnisotropy": 1.0
    }],
    "vertices": [-16.669416427612305,-15.608635902404785,-5.684341886080802e-14,-16.669416427612305,15.608635902404785,5.684341886080802e-14,16.669416427612305,15.608635902404785,5.684341886080802e-14,16.669416427612305,15.608635902404785,5.684341886080802e-14,16.669416427612305,-15.608635902404785,-5.684341886080802e-14,-16.669416427612305,-15.608635902404785,-5.684341886080802e-14,-22.797927856445312,-21.347150802612305,81.2435302734375,22.797927856445312,-21.347150802612305,81.2435302734375,22.797927856445312,21.347150802612305,81.2435302734375,22.797927856445312,21.347150802612305,81.2435302734375,-22.797927856445312,21.347150802612305,81.2435302734375,-22.797927856445312,-21.347150802612305,81.2435302734375,-16.669416427612305,-15.608635902404785,-5.684341886080802e-14,16.669416427612305,-15.608635902404785,-5.684341886080802e-14,22.797927856445312,-21.347150802612305,81.2435302734375,22.797927856445312,-21.347150802612305,81.2435302734375,-22.797927856445312,-21.347150802612305,81.2435302734375,-16.669416427612305,-15.608635902404785,-5.684341886080802e-14,16.669416427612305,-15.608635902404785,-5.684341886080802e-14,16.669416427612305,15.608635902404785,5.684341886080802e-14,22.797927856445312,21.347150802612305,81.2435302734375,22.797927856445312,21.347150802612305,81.2435302734375,22.797927856445312,-21.347150802612305,81.2435302734375,16.669416427612305,-15.608635902404785,-5.684341886080802e-14,16.669416427612305,15.608635902404785,5.684341886080802e-14,-16.669416427612305,15.608635902404785,5.684341886080802e-14,-22.797927856445312,21.347150802612305,81.2435302734375,-22.797927856445312,21.347150802612305,81.2435302734375,22.797927856445312,21.347150802612305,81.2435302734375,16.669416427612305,15.608635902404785,5.684341886080802e-14,-16.669416427612305,15.608635902404785,5.684341886080802e-14,-16.669416427612305,-15.608635902404785,-5.684341886080802e-14,-22.797927856445312,-21.347150802612305,81.2435302734375,-22.797927856445312,-21.347150802612305,81.2435302734375,-22.797927856445312,21.347150802612305,81.2435302734375,-16.669416427612305,15.608635902404785,5.684341886080802e-14,-21.346439361572266,19.98802947998047,88.5106430053711,-21.346439361572266,-19.98802947998047,88.51065063476562,21.346439361572266,-19.98802947998047,88.51065063476562,21.346439361572266,-19.98802947998047,88.51065063476562,21.346439361572266,19.98802947998047,88.5106430053711,-21.346439361572266,19.98802947998047,88.5106430053711,-25.846799850463867,24.202003479003906,81.363037109375,25.846799850463867,24.202003479003906,81.363037109375,25.846799850463867,-24.202003479003906,81.36304473876953,25.846799850463867,-24.202003479003906,81.36304473876953,-25.846799850463867,-24.202003479003906,81.36304473876953,-25.846799850463867,24.202003479003906,81.363037109375,-21.346439361572266,19.98802947998047,88.5106430053711,21.346439361572266,19.98802947998047,88.5106430053711,25.846799850463867,24.202003479003906,81.363037109375,25.846799850463867,24.202003479003906,81.363037109375,-25.846799850463867,24.202003479003906,81.363037109375,-21.346439361572266,19.98802947998047,88.5106430053711,21.346439361572266,19.98802947998047,88.5106430053711,21.346439361572266,-19.98802947998047,88.51065063476562,25.846799850463867,-24.202003479003906,81.36304473876953,25.846799850463867,-24.202003479003906,81.36304473876953,25.846799850463867,24.202003479003906,81.363037109375,21.346439361572266,19.98802947998047,88.5106430053711,21.346439361572266,-19.98802947998047,88.51065063476562,-21.346439361572266,-19.98802947998047,88.51065063476562,-25.846799850463867,-24.202003479003906,81.36304473876953,-25.846799850463867,-24.202003479003906,81.36304473876953,25.846799850463867,-24.202003479003906,81.36304473876953,21.346439361572266,-19.98802947998047,88.51065063476562,-21.346439361572266,-19.98802947998047,88.51065063476562,-21.346439361572266,19.98802947998047,88.5106430053711,-25.846799850463867,24.202003479003906,81.363037109375,-25.846799850463867,24.202003479003906,81.363037109375,-25.846799850463867,-24.202003479003906,81.36304473876953,-21.346439361572266,-19.98802947998047,88.51065063476562],
    "uvs": [0.7084846496582031,0.8012656569480896,0.7084846496582031,0.9350086450576782,0.5656523704528809,0.9350086450576782,0.5656523704528809,0.9350086450576782,0.5656523704528809,0.8012656569480896,0.7084846496582031,0.8012656569480896,0.2511822283267975,0.9777222871780396,0.03292021155357361,0.9777222871780396,0.03292021155357361,0.7733496427536011,0.03292021155357361,0.7733496427536011,0.2511822283267975,0.7733496427536011,0.2511822283267975,0.9777222871780396,0.7445988059043884,0.7599384188652039,0.44202348589897156,0.7580558657646179,0.39403820037841797,0.020382199436426163,0.39403820037841797,0.020382199436426163,0.8011071085929871,0.02291519194841385,0.7445988059043884,0.7599384188652039,0.7446027398109436,0.759809672832489,0.4413192570209503,0.7579224705696106,0.39382579922676086,0.02025211602449417,0.39382579922676086,0.02025211602449417,0.8012722134590149,0.022787470370531082,0.7446027398109436,0.759809672832489,0.07430046796798706,0.018504124134778976,0.37751397490501404,0.020359836518764496,0.4287298917770386,0.7596033215522766,0.4287298917770386,0.7596033215522766,0.014039847999811172,0.7570652365684509,0.07430046796798706,0.018504124134778976,0.7448064684867859,0.7595962882041931,0.4415229856967926,0.7577092051506042,0.39402955770492554,0.020038634538650513,0.39402955770492554,0.020038634538650513,0.8014757037162781,0.02257397025823593,0.7448064684867859,0.7595962882041931,0.4995640218257904,0.7733496427536011,0.4995640218257904,0.9647103548049927,0.2951982319355011,0.9647103548049927,0.2951982319355011,0.9647103548049927,0.2951982319355011,0.7733496427536011,0.4995640218257904,0.7733496427536011,0.9970402717590332,0.9872432947158813,0.758429765701294,0.9872432947158813,0.758429765701294,0.7638170719146729,0.758429765701294,0.7638170719146729,0.9970402717590332,0.7638170719146729,0.9970402717590332,0.9872432947158813,0.8988584280014038,0.6992402076721191,0.9035892486572266,0.40907934308052063,0.952888011932373,0.36568817496299744,0.952888011932373,0.36568817496299744,0.9467165470123291,0.7442154884338379,0.8988584280014038,0.6992402076721191,0.8120228052139282,0.6934167742729187,0.8164526224136353,0.4217205345630646,0.8657056093215942,0.3811410963535309,0.8657056093215942,0.3811410963535309,0.8599268198013306,0.735580325126648,0.8120228052139282,0.6934167742729187,0.8992651700973511,0.6978711485862732,0.9039959907531738,0.40771016478538513,0.9532949924468994,0.36431899666786194,0.9532949924468994,0.36431899666786194,0.9471234083175659,0.7428461909294128,0.8992651700973511,0.6978711485862732,0.8121801614761353,0.6930658221244812,0.8166098594665527,0.4213699996471405,0.8658628463745117,0.3807903230190277,0.8658628463745117,0.3807903230190277,0.860084056854248,0.7352296113967896,0.8121801614761353,0.6930658221244812],