{
    "name": "Untitled.004Geometry",
    "faces": [0,0,1,2,0,3,4,5,0,6,7,8,0,9,10,11,0,12,13,14,0,15,16,17,0,18,19,20,0,21,22,23,0,24,25,26,0,27,28,29,0,30,31,32,0,33,34,35,0,36,37,38,0,39,40,41,0,42,43,44,0,45,46,47,0,48,49,50,0,51,52,53,0,54,55,56,0,57,58,59,0,60,61,62,0,63,64,65,0,66,67,68,0,69,70,71,0,72,73,74,0,75,76,77,0,78,79,80,0,81,82,83,0,84,85,86,0,87,88,89,0,90,91,92,0,93,94,95,0,96,97,98,0,99,100,101,0,102,103,104,0,105,106,107,0,108,109,110,0,111,112,113,0,114,115,116,0,117,118,119,0,120,121,122,0,123,124,125,0,126,127,128,0,129,130,131,0,132,133,134,0,135,136,137],
    "materials": [{
        "blending": "NormalBlending",
        "opacity": 0.0,
        "mapLightWrap": ["RepeatWrapping","RepeatWrapping"],
        "shading": "lambert",
        "DbgColor": 15658734,
        "transparent": false,
        "DbgName": "BZw_lajidai",
        "mapLightRepeat": [1,1],
        "depthTest": true,
        "DbgIndex": 0,
        "wireframe": false,
        "colorEmissive": [0.0,0.0,0.0],
        "colorDiffuse": [0.4704000066280365,0.4704000066280365,0.4704000066280365],
        "colorAmbient": [0.4704000066280365,0.4704000066280365,0.4704000066280365],
        "mapLight": "BZw_lajidai.tga",
        "depthWrite": true,
        "visible": true,
        "mapLightAnisotropy": 1.0
    }],
    "vertices": [6.05713415145874,-4.1350722312927246e-07,3.416179656982422,2.5388970375061035,4.8424391746521,2.012735366821289,3.68684983253479,12.15004825592041,7.778571128845215,3.68684983253479,12.15004825592041,7.778571128845215,13.740814208984375,-3.390014171600342e-07,9.605167388916016,6.05713415145874,-4.1350722312927246e-07,3.416179656982422,2.5388970375061035,4.8424391746521,2.012735366821289,-3.153733253479004,2.9927916526794434,2.012735366821289,-8.77205753326416,7.5091447830200195,8.53993034362793,-8.77205753326416,7.5091447830200195,8.53993034362793,3.68684983253479,12.15004825592041,7.778571128845215,2.5388970375061035,4.8424391746521,2.012735366821289,-3.153733253479004,2.9927916526794434,2.012735366821289,-3.1537322998046875,-2.9927926063537598,3.416177749633789,-9.369956016540527,-7.509145736694336,7.932326316833496,-9.369956016540527,-7.509145736694336,7.932326316833496,-8.77205753326416,7.5091447830200195,8.53993034362793,-3.153733253479004,2.9927916526794434,2.012735366821289,-3.1537322998046875,-2.9927926063537598,3.416177749633789,3.0198967456817627,-4.8424391746521,4.727225303649902,3.2061402797698975,-11.238371849060059,8.5774564743042,3.2061402797698975,-11.238371849060059,8.5774564743042,-9.369956016540527,-7.509145736694336,7.932326316833496,-3.1537322998046875,-2.9927926063537598,3.416177749633789,3.0198967456817627,-4.8424391746521,4.727225303649902,6.05713415145874,-4.1350722312927246e-07,3.416179656982422,13.740814208984375,-3.390014171600342e-07,9.605167388916016,13.740814208984375,-3.390014171600342e-07,9.605167388916016,3.2061402797698975,-11.238371849060059,8.5774564743042,3.0198967456817627,-4.8424391746521,4.727225303649902,3.68684983253479,12.15004825592041,7.778571128845215,2.4379234313964844,5.866981506347656,20.20506477355957,6.77515172958374,-4.805624485015869e-07,21.909507751464844,6.77515172958374,-4.805624485015869e-07,21.909507751464844,13.740814208984375,-3.390014171600342e-07,9.605167388916016,3.68684983253479,12.15004825592041,7.778571128845215,-8.77205753326416,7.5091447830200195,8.53993034362793,-4.532273292541504,3.6259946823120117,20.4476375579834,2.4379234313964844,5.866981506347656,20.20506477355957,2.4379234313964844,5.866981506347656,20.20506477355957,3.68684983253479,12.15004825592041,7.778571128845215,-8.77205753326416,7.5091447830200195,8.53993034362793,-9.369956016540527,-7.509145736694336,7.932326316833496,-4.532273292541504,-3.6259965896606445,20.447635650634766,-4.532273292541504,3.6259946823120117,20.4476375579834,-4.532273292541504,3.6259946823120117,20.4476375579834,-8.77205753326416,7.5091447830200195,8.53993034362793,-9.369956016540527,-7.509145736694336,7.932326316833496,3.2061402797698975,-11.238371849060059,8.5774564743042,2.4379231929779053,-5.866983413696289,20.205062866210938,-4.532273292541504,-3.6259965896606445,20.447635650634766,-4.532273292541504,-3.6259965896606445,20.447635650634766,-9.369956016540527,-7.509145736694336,7.932326316833496,3.2061402797698975,-11.238371849060059,8.5774564743042,13.740814208984375,-3.390014171600342e-07,9.605167388916016,6.77515172958374,-4.805624485015869e-07,21.909507751464844,2.4379231929779053,-5.866983413696289,20.205062866210938,2.4379231929779053,-5.866983413696289,20.205062866210938,3.2061402797698975,-11.238371849060059,8.5774564743042,13.740814208984375,-3.390014171600342e-07,9.605167388916016,3.0198967456817627,-4.8424391746521,4.727225303649902,-3.1537322998046875,-2.9927926063537598,3.416177749633789,6.05713415145874,-4.1350722312927246e-07,3.416179656982422,3.9668238162994385,-1.2889504432678223e-06,28.74652862548828,1.47517728805542,1.5686453580856323,28.290143966674805,1.47517728805542,-1.5686476230621338,28.290143966674805,1.7044901847839355,2.643280506134033,25.351476669311523,3.166127920150757,-1.2703239917755127e-06,25.547119140625,6.77515172958374,-4.805624485015869e-07,21.909507751464844,6.77515172958374,-4.805624485015869e-07,21.909507751464844,2.4379234313964844,5.866981506347656,20.20506477355957,1.7044901847839355,2.643280506134033,25.351476669311523,-0.9764590263366699,1.2321072816848755,25.18289566040039,1.7044901847839355,2.643280506134033,25.351476669311523,2.4379234313964844,5.866981506347656,20.20506477355957,2.4379234313964844,5.866981506347656,20.20506477355957,-4.532273292541504,3.6259946823120117,20.4476375579834,-0.9764590263366699,1.2321072816848755,25.18289566040039,-0.9764575958251953,-1.2321093082427979,25.182891845703125,-0.9764590263366699,1.2321072816848755,25.18289566040039,-4.532273292541504,3.6259946823120117,20.4476375579834,-4.532273292541504,3.6259946823120117,20.4476375579834,-4.532273292541504,-3.6259965896606445,20.447635650634766,-0.9764575958251953,-1.2321093082427979,25.182891845703125,1.7044901847839355,-2.71722674369812,25.351476669311523,-0.9764575958251953,-1.2321093082427979,25.182891845703125,-4.532273292541504,-3.6259965896606445,20.447635650634766,-4.532273292541504,-3.6259965896606445,20.447635650634766,2.4379231929779053,-5.866983413696289,20.205062866210938,1.7044901847839355,-2.71722674369812,25.351476669311523,3.166127920150757,-1.2703239917755127e-06,25.547119140625,1.7044901847839355,-2.71722674369812,25.351476669311523,2.4379231929779053,-5.866983413696289,20.205062866210938,2.4379231929779053,-5.866983413696289,20.205062866210938,6.77515172958374,-4.805624485015869e-07,21.909507751464844,3.166127920150757,-1.2703239917755127e-06,25.547119140625,3.166127920150757,-1.2703239917755127e-06,25.547119140625,1.7044901847839355,2.643280506134033,25.351476669311523,1.47517728805542,1.5686453580856323,28.290143966674805,1.47517728805542,1.5686453580856323,28.290143966674805,3.9668238162994385,-1.2889504432678223e-06,28.74652862548828,3.166127920150757,-1.2703239917755127e-06,25.547119140625,1.7044901847839355,2.643280506134033,25.351476669311523,-0.9764590263366699,1.2321072816848755,25.18289566040039,-1.2024035453796387,0.9694755673408508,26.913745880126953,-1.2024035453796387,0.9694755673408508,26.913745880126953,1.47517728805542,1.5686453580856323,28.290143966674805,1.7044901847839355,2.643280506134033,25.351476669311523,-0.9764590263366699,1.2321072816848755,25.18289566040039,-0.9764575958251953,-1.2321093082427979,25.182891845703125,-1.2024035453796387,-0.9694782495498657,26.913745880126953,-1.2024035453796387,-0.9694782495498657,26.913745880126953,-1.2024035453796387,0.9694755673408508,26.913745880126953,-0.9764590263366699,1.2321072816848755,25.18289566040039,-0.9764575958251953,-1.2321093082427979,25.182891845703125,1.7044901847839355,-2.71722674369812,25.351476669311523,1.47517728805542,-1.5686476230621338,28.290143966674805,1.47517728805542,-1.5686476230621338,28.290143966674805,