{
    "name": "Untitled.003Geometry",
    "faces": [0,0,1,2,0,3,4,5,0,6,7,8,0,9,10,11,0,12,13,14,0,15,16,17,0,18,19,20,0,21,22,23,0,24,25,26,0,27,28,29,0,30,31,32,0,33,34,35],
    "materials": [{
        "blending": "NormalBlending",
        "opacity": 0.0,
        "mapLightWrap": ["RepeatWrapping","RepeatWrapping"],
        "shading": "lambert",
        "DbgColor": 15658734,
        "transparent": false,
        "DbgName": "BZw_muxiang",
        "mapLightRepeat": [1,1],
        "depthTest": true,
        "DbgIndex": 0,
        "wireframe": false,
        "colorEmissive": [0.0,0.0,0.0],
        "colorDiffuse": [0.4704000066280365,0.4704000066280365,0.4704000066280365],
        "colorAmbient": [0.4704000066280365,0.4704000066280365,0.4704000066280365],
        "mapLight": "BZw_muxiang.tga",
        "depthWrite": true,
        "visible": true,
        "mapLightAnisotropy": 1.0
    }],
    "vertices": [-114.16185760498047,26.00555419921875,-34.601253509521484,-58.81797790527344,185.56439208984375,-63.04670333862305,169.6932830810547,113.89862060546875,25.807884216308594,169.6932830810547,113.89862060546875,25.807884216308594,114.34942626953125,-45.660194396972656,54.25333023071289,-114.16185760498047,26.00555419921875,-34.601253509521484,-169.69525146484375,92.86865234375,91.27093505859375,58.816036224365234,21.202903747558594,180.12554931640625,114.15991973876953,180.76181030273438,151.68006896972656,114.15991973876953,180.76181030273438,151.68006896972656,-114.35140228271484,252.42752075195312,62.82547378540039,-169.69525146484375,92.86865234375,91.27093505859375,-114.16185760498047,26.00555419921875,-34.601253509521484,114.34942626953125,-45.660194396972656,54.25333023071289,58.816036224365234,21.202903747558594,180.12554931640625,58.816036224365234,21.202903747558594,180.12554931640625,-169.69525146484375,92.86865234375,91.27093505859375,-114.16185760498047,26.00555419921875,-34.601253509521484,114.34942626953125,-45.660194396972656,54.25333023071289,169.6932830810547,113.89862060546875,25.807884216308594,114.15991973876953,180.76181030273438,151.68006896972656,114.15991973876953,180.76181030273438,151.68006896972656,58.816036224365234,21.202903747558594,180.12554931640625,114.34942626953125,-45.660194396972656,54.25333023071289,169.6932830810547,113.89862060546875,25.807884216308594,-58.81797790527344,185.56439208984375,-63.04670333862305,-114.35140228271484,252.42752075195312,62.82547378540039,-114.35140228271484,252.42752075195312,62.82547378540039,114.15991973876953,180.76181030273438,151.68006896972656,169.6932830810547,113.89862060546875,25.807884216308594,-58.81797790527344,185.56439208984375,-63.04670333862305,-114.16185760498047,26.00555419921875,-34.601253509521484,-169.69525146484375,92.86865234375,91.27093505859375,-169.69525146484375,92.86865234375,91.27093505859375,-114.35140228271484,252.42752075195312,62.82547378540039,-58.81797790527344,185.56439208984375,-63.04670333862305],
    "uvs": [0.634981095790863,0.5647578239440918,0.634981095790863,0.9814615845680237,0.01811610721051693,0.9814615845680237,0.01811610721051693,0.9814615845680237,0.01811610721051693,0.5647578239440918,0.634981095790863,0.5647578239440918,0.01811610721051693,0.5647578239440918,0.634981095790863,0.5647578239440918,0.634981095790863,0.9814615845680237,0.634981095790863,0.9814615845680237,0.01811610721051693,0.9814615845680237,0.01811610721051693,0.5647578239440918,0.04446955770254135,0.03036796674132347,0.9713122248649597,0.030367901548743248,0.9713124632835388,0.5376561284065247,0.9713124632835388,0.5376561284065247,0.04446955770254135,0.5376562476158142,0.04446955770254135,0.03036796674132347,0.9896020889282227,0.5647578239440918,0.9896020889282227,0.9814615845680237,0.651694655418396,0.9814615845680237,0.651694655418396,0.9814615845680237,0.651694655418396,0.5647578239440918,0.9896020889282227,0.5647578239440918,0.04341848939657211,0.03074180893599987,0.9702624678611755,0.03074180893599987,0.9702624678611755,0.538029134273529,0.9702624678611755,0.538029134273529,0.04341848939657211,0.538029134273529,0.04341848939657211,0.03074180893599987,0.9896020889282227,0.5647578239440918,0.9896020889282227,0.9814615845680237,0.651694655418396,0.9814615845680237,0.651694655418396,0.9814615845680237,0.651694655418396,0.5647578239440918,0.9896020889282227,0.5647578239440918],
    "normals": [-0.5231482982635498,-0.5984679460525513,-0.6067385077476501,-0.11554307490587234,0.46589556336402893,-0.8772240281105042,0.9056673049926758,0.1675466150045395,-0.3894467055797577,0.4850001633167267,-0.8623920679092407,-0.14493240416049957,-0.9056673049926758,-0.1675466150045395,0.3894467055797577,0.11554307490587234,-0.46589556336402893,0.8772240281105042,0.5231482982635498,0.5984679460525513,0.6067385077476501,-0.4850001633167267,0.8623920679092407,0.14493240416049957],
    "metadata": {
        "faces": 12,
        "type": "Geometry",
        "normals": 8,
        "generator": "io_three",
        "materials": 1,
        "vertices": 36,
        "uvs": 72,
        "version": 3
    }
}