{
    "name": "Untitled.017Geometry",
    "faces": [0,0,1,2,0,3,4,5,0,6,7,8,0,9,10,11,0,12,13,14,0,15,16,17,0,18,19,20,0,21,22,23,0,24,25,26,0,27,28,29,0,30,31,32,0,33,34,35,0,36,37,38,0,39,40,41,0,42,43,44,0,45,46,47,0,48,49,50,0,51,52,53,0,54,55,56,0,57,58,59,0,60,61,62,0,63,64,65,0,66,67,68,0,69,70,71,0,72,73,74,0,75,76,77,0,78,79,80,0,81,82,83,0,84,85,86,0,87,88,89,0,90,91,92,0,93,94,95,0,96,97,98,0,99,100,101,0,102,103,104,0,105,106,107,0,108,109,110,0,111,112,113,0,114,115,116,0,117,118,119,0,120,121,122,0,123,124,125,0,126,127,128,0,129,130,131,0,132,133,134,0,135,136,137],
    "materials": [{
        "blending": "NormalBlending",
        "opacity": 0.0,
        "mapLightWrap": ["RepeatWrapping","RepeatWrapping"],
        "shading": "lambert",
        "DbgColor": 15658734,
        "transparent": false,
        "DbgName": "BZw_lajidai",
        "mapLightRepeat": [1,1],
        "depthTest": true,
        "DbgIndex": 0,
        "wireframe": false,
        "colorEmissive": [0.0,0.0,0.0],
        "colorDiffuse": [0.4704000066280365,0.4704000066280365,0.4704000066280365],
        "colorAmbient": [0.4704000066280365,0.4704000066280365,0.4704000066280365],
        "mapLight": "BZw_lajidai.tga",
        "depthWrite": true,
        "visible": true,
        "mapLightAnisotropy": 1.0
    }],
    "vertices": [-0.0513763427734375,-1.5273690223693848e-07,-2.625093460083008,-3.5696144104003906,4.842440128326416,-4.028537750244141,-2.421661138534546,12.150052070617676,1.7372989654541016,-2.421661138534546,12.150052070617676,1.7372989654541016,7.632302761077881,-7.450580596923828e-08,3.5638961791992188,-0.0513763427734375,-1.5273690223693848e-07,-2.625093460083008,-3.5696144104003906,4.842440128326416,-4.028537750244141,-9.262246131896973,2.9927923679351807,-4.028537750244141,-14.880570411682129,7.509145259857178,2.498659133911133,-14.880570411682129,7.509145259857178,2.498659133911133,-2.421661138534546,12.150052070617676,1.7372989654541016,-3.5696144104003906,4.842440128326416,-4.028537750244141,-9.262246131896973,2.9927923679351807,-4.028537750244141,-9.262245178222656,-2.992793083190918,-2.6250951290130615,-15.478468894958496,-7.509146690368652,1.8910541534423828,-15.478468894958496,-7.509146690368652,1.8910541534423828,-14.880570411682129,7.509145259857178,2.498659133911133,-9.262246131896973,2.9927923679351807,-4.028537750244141,-9.262245178222656,-2.992793083190918,-2.6250951290130615,-3.0886147022247314,-4.8424391746521,-1.314046859741211,-2.902371883392334,-11.238369941711426,2.5361852645874023,-2.902371883392334,-11.238369941711426,2.5361852645874023,-15.478468894958496,-7.509146690368652,1.8910541534423828,-9.262245178222656,-2.992793083190918,-2.6250951290130615,-3.0886147022247314,-4.8424391746521,-1.314046859741211,-0.0513763427734375,-1.5273690223693848e-07,-2.625093460083008,7.632302761077881,-7.450580596923828e-08,3.5638961791992188,7.632302761077881,-7.450580596923828e-08,3.5638961791992188,-2.902371883392334,-11.238369941711426,2.5361852645874023,-3.0886147022247314,-4.8424391746521,-1.314046859741211,-2.421661138534546,12.150052070617676,1.7372989654541016,-3.670588493347168,5.866983413696289,14.163792610168457,0.6666402816772461,-2.1606683731079102e-07,15.86823844909668,0.6666402816772461,-2.1606683731079102e-07,15.86823844909668,7.632302761077881,-7.450580596923828e-08,3.5638961791992188,-2.421661138534546,12.150052070617676,1.7372989654541016,-14.880570411682129,7.509145259857178,2.498659133911133,-10.640785217285156,3.625995397567749,14.406366348266602,-3.670588493347168,5.866983413696289,14.163792610168457,-3.670588493347168,5.866983413696289,14.163792610168457,-2.421661138534546,12.150052070617676,1.7372989654541016,-14.880570411682129,7.509145259857178,2.498659133911133,-15.478468894958496,-7.509146690368652,1.8910541534423828,-10.640785217285156,-3.6259963512420654,14.406364440917969,-10.640785217285156,3.625995397567749,14.406366348266602,-10.640785217285156,3.625995397567749,14.406366348266602,-14.880570411682129,7.509145259857178,2.498659133911133,-15.478468894958496,-7.509146690368652,1.8910541534423828,-2.902371883392334,-11.238369941711426,2.5361852645874023,-3.6705880165100098,-5.866983890533447,14.16379165649414,-10.640785217285156,-3.6259963512420654,14.406364440917969,-10.640785217285156,-3.6259963512420654,14.406364440917969,-15.478468894958496,-7.509146690368652,1.8910541534423828,-2.902371883392334,-11.238369941711426,2.5361852645874023,7.632302761077881,-7.450580596923828e-08,3.5638961791992188,0.6666402816772461,-2.1606683731079102e-07,15.86823844909668,-3.6705880165100098,-5.866983890533447,14.16379165649414,-3.6705880165100098,-5.866983890533447,14.16379165649414,-2.902371883392334,-11.238369941711426,2.5361852645874023,7.632302761077881,-7.450580596923828e-08,3.5638961791992188,-3.0886147022247314,-4.8424391746521,-1.314046859741211,-9.262245178222656,-2.992793083190918,-2.6250951290130615,-0.0513763427734375,-1.5273690223693848e-07,-2.625093460083008,-2.1416873931884766,-1.0281801223754883e-06,22.70526123046875,-4.633334636688232,1.568645715713501,22.24887466430664,-4.633334636688232,-1.5686477422714233,22.24887466430664,-4.404021263122559,2.6432809829711914,19.31020736694336,-2.9423842430114746,-1.0021030902862549e-06,19.505847930908203,0.6666402816772461,-2.1606683731079102e-07,15.86823844909668,0.6666402816772461,-2.1606683731079102e-07,15.86823844909668,-3.670588493347168,5.866983413696289,14.163792610168457,-4.404021263122559,2.6432809829711914,19.31020736694336,-7.084970951080322,1.2321075201034546,19.141624450683594,-4.404021263122559,2.6432809829711914,19.31020736694336,-3.670588493347168,5.866983413696289,14.163792610168457,-3.670588493347168,5.866983413696289,14.163792610168457,-10.640785217285156,3.625995397567749,14.406366348266602,-7.084970951080322,1.2321075201034546,19.141624450683594,-7.084969997406006,-1.2321094274520874,19.14162254333496,-7.084970951080322,1.2321075201034546,19.141624450683594,-10.640785217285156,3.625995397567749,14.406366348266602,-10.640785217285156,3.625995397567749,14.406366348266602,-10.640785217285156,-3.6259963512420654,14.406364440917969,-7.084969997406006,-1.2321094274520874,19.14162254333496,-4.404021263122559,-2.71722674369812,19.31020736694336,-7.084969997406006,-1.2321094274520874,19.14162254333496,-10.640785217285156,-3.6259963512420654,14.406364440917969,-10.640785217285156,-3.6259963512420654,14.406364440917969,-3.6705880165100098,-5.866983890533447,14.16379165649414,-4.404021263122559,-2.71722674369812,19.31020736694336,-2.9423842430114746,-1.0021030902862549e-06,19.505847930908203,-4.404021263122559,-2.71722674369812,19.31020736694336,-3.6705880165100098,-5.866983890533447,14.16379165649414,-3.6705880165100098,-5.866983890533447,14.16379165649414,0.6666402816772461,-2.1606683731079102e-07,15.86823844909668,-2.9423842430114746,-1.0021030902862549e-06,19.505847930908203,-2.9423842430114746,-1.0021030902862549e-06,19.505847930908203,-4.404021263122559,2.6432809829711914,19.31020736694336,-4.633334636688232,1.568645715713501,22.24887466430664,-4.633334636688232,1.568645715713501,22.24887466430664,-2.1416873931884766,-1.0281801223754883e-06,22.70526123046875,-2.9423842430114746,-1.0021030902862549e-06,19.505847930908203,-4.404021263122559,2.6432809829711914,19.31020736694336,-7.084970951080322,1.2321075201034546,19.141624450683594,-7.310915946960449,0.969476044178009,20.872474670410156,-7.310915946960449,0.969476044178009,20.872474670410156,-4.633334636688232,1.568645715713501,22.24887466430664,-4.404021263122559,2.6432809829711914,19.31020736694336,-7.084970951080322,1.2321075201034546,19.141624450683594,-7.084969997406006,-1.2321094274520874,19.14162254333496,-7.310915946960449,-0.9694780707359314,20.872474670410156,-7.310915946960449,-0.9694780707359314,20.872474670410156,-7.310915946960449,0.969476044178009,20.872474670410156,-7.084970951080322,1.2321075201034546,19.141624450683594,-7.084969997406006,-1.2321094274520874,19.14162254333496,-4.404021263122559,