{
    "name": "Untitled.007Geometry",
    "faces": [0,0,1,2,0,3,4,5,0,6,7,8,0,9,10,11,0,12,13,14,0,15,16,17,0,18,19,20,0,21,22,23,0,24,25,26,0,27,28,29,0,30,31,32,0,33,34,35,0,36,37,38,0,39,40,41,0,42,43,44,0,45,46,47,0,48,49,50,0,51,52,53,0,54,55,56,0,57,58,59],
    "materials": [{
        "blending": "NormalBlending",
        "opacity": 0.0,
        "mapLightWrap": ["RepeatWrapping","RepeatWrapping"],
        "shading": "lambert",
        "DbgColor": 15658734,
        "transparent": false,
        "DbgName": "BZw_youtong2",
        "mapLightRepeat": [1,1],
        "depthTest": true,
        "DbgIndex": 0,
        "wireframe": false,
        "colorEmissive": [0.0,0.0,0.0],
        "colorDiffuse": [0.4704000066280365,0.4704000066280365,0.4704000066280365],
        "colorAmbient": [0.4704000066280365,0.4704000066280365,0.4704000066280365],
        "mapLight": "BZw_youtong2.png",
        "depthWrite": true,
        "visible": true,
        "mapLightAnisotropy": 1.0
    }],
    "vertices": [-56.18806457519531,-5.615863756247563e-07,31.81640625,-59.89978790283203,37.02250671386719,52.86663055419922,67.32325744628906,37.02251052856445,75.29948425292969,67.32325744628906,37.02251052856445,75.29948425292969,71.03498077392578,-5.615861482510809e-07,54.24925994873047,-56.18806457519531,-5.615863756247563e-07,31.81640625,-59.89978790283203,37.02250671386719,52.86663055419922,-67.32323455810547,37.02250289916992,94.96707916259766,59.899818420410156,37.02250289916992,117.3999252319336,59.899818420410156,37.02250289916992,117.3999252319336,67.32325744628906,37.02251052856445,75.29948425292969,-59.89978790283203,37.02250671386719,52.86663055419922,-67.32323455810547,37.02250289916992,94.96707916259766,-71.03495025634766,-4.2989022404071875e-06,116.01729583740234,56.18810272216797,-4.2989022404071875e-06,138.45016479492188,56.18810272216797,-4.2989022404071875e-06,138.45016479492188,59.899818420410156,37.02250289916992,117.3999252319336,-67.32323455810547,37.02250289916992,94.96707916259766,-71.03495025634766,-4.2989022404071875e-06,116.01729583740234,-67.32322692871094,-37.02251052856445,94.96707916259766,59.899818420410156,-37.02251052856445,117.3999252319336,59.899818420410156,-37.02251052856445,117.3999252319336,56.18810272216797,-4.2989022404071875e-06,138.45016479492188,-71.03495025634766,-4.2989022404071875e-06,116.01729583740234,-67.32322692871094,-37.02251052856445,94.96707916259766,-59.89978790283203,-37.02251434326172,52.86662673950195,67.32325744628906,-37.02251052856445,75.29948425292969,67.32325744628906,-37.02251052856445,75.29948425292969,59.899818420410156,-37.02251052856445,117.3999252319336,-67.32322692871094,-37.02251052856445,94.96707916259766,-59.89978790283203,-37.02251434326172,52.86662673950195,-56.18806457519531,-5.615863756247563e-07,31.81640625,71.03498077392578,-5.615861482510809e-07,54.24925994873047,71.03498077392578,-5.615861482510809e-07,54.24925994873047,67.32325744628906,-37.02251052856445,75.29948425292969,-59.89978790283203,-37.02251434326172,52.86662673950195,-67.32322692871094,-37.02251052856445,94.96707916259766,-71.03495025634766,-4.2989022404071875e-06,116.01729583740234,-56.18806457519531,-5.615863756247563e-07,31.81640625,-56.18806457519531,-5.615863756247563e-07,31.81640625,-59.89978790283203,-37.02251434326172,52.86662673950195,-67.32322692871094,-37.02251052856445,94.96707916259766,56.18810272216797,-4.2989022404071875e-06,138.45016479492188,59.899818420410156,-37.02251052856445,117.3999252319336,67.32325744628906,-37.02251052856445,75.29948425292969,67.32325744628906,-37.02251052856445,75.29948425292969,71.03498077392578,-5.615861482510809e-07,54.24925994873047,56.18810272216797,-4.2989022404071875e-06,138.45016479492188,-67.32323455810547,37.02250289916992,94.96707916259766,-59.89978790283203,37.02250671386719,52.86663055419922,-56.18806457519531,-5.615863756247563e-07,31.81640625,-56.18806457519531,-5.615863756247563e-07,31.81640625,-71.03495025634766,-4.2989022404071875e-06,116.01729583740234,-67.32323455810547,37.02250289916992,94.96707916259766,67.32325744628906,37.02251052856445,75.29948425292969,59.899818420410156,37.02250289916992,117.3999252319336,56.18810272216797,-4.2989022404071875e-06,138.45016479492188,56.18810272216797,-4.2989022404071875e-06,138.45016479492188,71.03498077392578,-5.615861482510809e-07,54.24925994873047,67.32325744628906,37.02251052856445,75.29948425292969],
    "uvs": [0.17454709112644196,0.01336323469877243,0.3907741606235504,0.01336323469877243,0.3907741606235504,0.5598359704017639,0.3907741606235504,0.5598359704017639,0.17454709112644196,0.5598359704017639,0.17454709112644196,0.01336323469877243,0.3907741606235504,0.01336323469877243,0.6065793037414551,0.01336323469877243,0.6065793037414551,0.5598359704017639,0.6065793037414551,0.5598359704017639,0.3907741606235504,0.5598359704017639,0.3907741606235504,0.01336323469877243,0.6065793037414551,0.01336323469877243,0.8226260542869568,0.01336323469877243,0.8226260542869568,0.5598359704017639,0.8226260542869568,0.5598359704017639,0.6065793037414551,0.5598359704017639,0.6065793037414551,0.01336323469877243,0.17454709112644196,0.01336323469877243,0.3907741606235504,0.01336323469877243,0.3907741606235504,0.5598359704017639,0.3907741606235504,0.5598359704017639,0.17454709112644196,0.5598359704017639,0.17454709112644196,0.01336323469877243,0.3907741606235504,0.01336323469877243,0.6065793037414551,0.01336323469877243,0.6065793037414551,0.5598359704017639,0.6065793037414551,0.5598359704017639,0.3907741606235504,0.5598359704017639,0.3907741606235504,0.01336323469877243,0.6065793037414551,0.01336323469877243,0.8226260542869568,0.01336323469877243,0.8226260542869568,0.5598359704017639,0.8226260542869568,0.5598359704017639,0.6065793037414551,0.5598359704017639,0.6065793037414551,0.01336323469877243,0.26520732045173645,0.9857962727546692,0.02806827984750271,0.5771638751029968,0.9795569181442261,0.5771638751029968,0.9795569181442261,0.5771638751029968,0.7424179911613464,0.9857962727546692,0.26520732045173645,0.9857962727546692,0.02867116592824459,0.5771638751029968,0.26581019163131714,0.9857962727546692,0.74334716796875,0.9857962727546692,0.74334716796875,0.9857962727546692,0.9804861545562744,0.5771638751029968,0.02867116592824459,0.5771638751029968,0.2652072012424469,0.9857962727546692,0.7424179911613464,0.9857962727546692,0.9795569181442261,0.5771638751029968,0.9795569181442261,0.5771638751029968,0.02806827984750271,0.5771638751029968,0.2652072012424469,0.9857962727546692,0.74334716796875,0.9857962727546692,0.26581010222435,0.9857962727546692,0.02867116592824459,0.5771638751029968,0.02867116592824459,0.5771638751029968,0.9804861545562744,0.5771638751029968,0.74334716796875,0.9857962727546692],
    "normals": [-0.46311837434768677,0.0,-0.886288046836853,-0.5319070816040039,0.6862391829490662,-0.49607837200164795,0.669515073299408,0.6862391829490662,-0.2842493951320648,0.7383037805557251,0.0,-0.6744285225868225,-0.669515073299408,0.6862391829490662,0.2842493951320648,0.5319070816040039,0.6862391829490662,0.49607837200164795,-0.7383037805557251,0.0,0.6744285225868225,0.46311837434768677,0.0,0.886288046836853,-0.669515073299408,-0.6862391829490662,0.2842493951320648,0.5319070816040039,-0.6862391829490662,0.49607837200164795,-0.5319070816040039,-0.6862391829490662,-0.49607837200164795,0.669515073299408,-0.6862391829490662,-0.2842493951320648],
    "metadata": {
        "faces": 20,
        "type": "Geometry",
        "normals": 12,
        "generator": "io_three",
        "materials": 1,
        "vertices": 60,
        "uvs": 120,
        "version": 3
    }
}