{
    "name": "Untitled.016Geometry",
    "faces": [0,0,1,2,0,3,4,5,0,6,7,8,0,9,10,11,0,12,13,14,0,15,16,17,0,18,19,20,0,21,22,23,0,24,25,26,0,27,28,29,0,30,31,32,0,33,34,35,0,36,37,38,0,39,40,41,0,42,43,44,0,45,46,47,0,48,49,50,0,51,52,53,0,54,55,56,0,57,58,59,0,60,61,62,0,63,64,65,0,66,67,68,0,69,70,71,0,72,73,74,0,75,76,77,0,78,79,80,0,81,82,83,0,84,85,86,0,87,88,89],
    "materials": [{
        "blending": "NormalBlending",
        "opacity": -1.0,
        "mapLightWrap": ["RepeatWrapping","RepeatWrapping"],
        "shading": "lambert",
        "DbgColor": 15658734,
        "transparent": true,
        "DbgName": "BZn_lajitong2",
        "mapLightRepeat": [1,1],
        "depthTest": true,
        "DbgIndex": 0,
        "wireframe": false,
        "colorEmissive": [0.0,0.0,0.0],
        "colorDiffuse": [0.4704000066280365,0.4704000066280365,0.4704000066280365],
        "colorAmbient": [0.4704000066280365,0.4704000066280365,0.4704000066280365],
        "mapLight": "BZn_lajitong2tga.tga",
        "depthWrite": true,
        "visible": true,
        "mapLightAnisotropy": 1.0
    }],
    "vertices": [-11.11851978302002,-15.934831619262695,0.0,11.11851978302002,15.934831619262695,0.0,11.11851978302002,-15.934831619262695,0.0,-11.11851978302002,-15.934831619262695,0.0,11.11851978302002,-15.934831619262695,0.0,11.11851978302002,-15.934830665588379,52.522674560546875,11.11851978302002,-15.934830665588379,52.522674560546875,-11.11851978302002,-15.934832572937012,52.522674560546875,-11.11851978302002,-15.934831619262695,0.0,11.11851978302002,-15.934831619262695,0.0,11.118521690368652,11.980681419372559,58.44834518432617,11.11851978302002,-15.934830665588379,52.522674560546875,11.11851978302002,15.934831619262695,0.0,-11.11851978302002,15.934831619262695,0.0,-11.11851978302002,15.934831619262695,61.24189758300781,-11.11851978302002,15.934831619262695,61.24189758300781,11.11851978302002,15.934832572937012,61.24189758300781,11.11851978302002,15.934831619262695,0.0,-11.11851978302002,15.934831619262695,0.0,-11.118517875671387,11.980674743652344,58.44834518432617,-11.11851978302002,15.934831619262695,61.24189758300781,11.118521690368652,11.980681419372559,58.44834518432617,11.11851978302002,15.934832572937012,61.24189758300781,-11.11851978302002,15.934831619262695,61.24189758300781,-11.11851978302002,15.934831619262695,61.24189758300781,-11.118517875671387,11.980674743652344,58.44834518432617,11.118521690368652,11.980681419372559,58.44834518432617,-11.11851978302002,-15.934832572937012,52.522674560546875,-0.132461816072464,-8.442949295043945,54.032798767089844,-4.8035688400268555,-5.917443752288818,54.52821731567383,11.11851978302002,-15.934830665588379,52.522674560546875,11.118521690368652,11.980681419372559,58.44834518432617,4.804530143737793,0.145726278424263,55.717620849609375,4.804530143737793,0.145726278424263,55.717620849609375,4.804530143737793,-5.917443752288818,54.52821731567383,11.11851978302002,-15.934830665588379,52.522674560546875,-11.118517875671387,11.980674743652344,58.44834518432617,-11.11851978302002,-15.934832572937012,52.522674560546875,-4.8035688400268555,-5.917443752288818,54.52821731567383,-4.8035688400268555,-5.917443752288818,54.52821731567383,-4.803567886352539,0.14572536945343018,55.717620849609375,-11.118517875671387,11.980674743652344,58.44834518432617,11.118521690368652,11.980681419372559,58.44834518432617,0.10075362026691437,2.671226978302002,56.21305465698242,4.804530143737793,0.145726278424263,55.717620849609375,-11.11851978302002,-15.934832572937012,52.522674560546875,11.11851978302002,-15.934830665588379,52.522674560546875,-0.132461816072464,-8.442949295043945,54.032798767089844,-11.118517875671387,11.980674743652344,58.44834518432617,-4.803567886352539,0.14572536945343018,55.717620849609375,0.10075362026691437,2.671226978302002,56.21305465698242,-0.132461816072464,-8.442949295043945,54.032798767089844,4.804530143737793,-5.917443752288818,54.52821731567383,-0.004964079707860947,-3.102675676345825,53.077796936035156,4.804530143737793,-5.917443752288818,54.52821731567383,4.804530143737793,0.145726278424263,55.717620849609375,-0.004964079707860947,-3.102675676345825,53.077796936035156,-4.803567886352539,0.14572536945343018,55.717620849609375,-4.8035688400268555,-5.917443752288818,54.52821731567383,-0.004964079707860947,-3.102675676345825,53.077796936035156,0.10075362026691437,2.671226978302002,56.21305465698242,-4.803567886352539,0.14572536945343018,55.717620849609375,-0.004964079707860947,-3.102675676345825,53.077796936035156,-4.8035688400268555,-5.917443752288818,54.52821731567383,-0.132461816072464,-8.442949295043945,54.032798767089844,-0.004964079707860947,-3.102675676345825,53.077796936035156,4.804530143737793,0.145726278424263,55.717620849609375,0.10075362026691437,2.671226978302002,56.21305465698242,-0.004964079707860947,-3.102675676345825,53.077796936035156,11.11851978302002,15.934831619262695,0.0,11.11851978302002,15.934832572937012,61.24189758300781,11.118521690368652,11.980681419372559,58.44834518432617,-11.11851978302002,15.934831619262695,0.0,-11.11851978302002,-15.934831619262695,0.0,-11.118517875671387,11.980674743652344,58.44834518432617,-11.11851978302002,-15.934831619262695,0.0,-11.11851978302002,15.934831619262695,0.0,11.11851978302002,15.934831619262695,0.0,11.11851978302002,-15.934831619262695,0.0,11.11851978302002,15.934831619262695,0.0,11.118521690368652,11.980681419372559,58.44834518432617,-11.11851978302002,-15.934831619262695,0.0,-11.11851978302002,-15.934832572937012,52.522674560546875,-11.118517875671387,11.980674743652344,58.44834518432617,11.11851978302002,-15.934830665588379,52.522674560546875,4.804530143737793,-5.917443752288818,54.52821731567383,-0.132461816072464,-8.442949295043945,54.032798767089844,11.118521690368652,11.980681419372559,58.44834518432617,-11.118517875671387,11.980674743652344,58.44834518432617,0.10075362026691437,2.671226978302002,56.21305465698242],