{
    "name": "Untitled.013Geometry",
    "faces": [0,0,1,2,0,3,4,5,0,6,7,8,0,9,10,11,0,12,13,14,0,15,16,17,0,18,19,20,0,21,22,23,0,24,25,26,0,27,28,29,0,30,31,32,0,33,34,35,0,36,37,38,0,39,40,41,0,42,43,44,0,45,46,47,0,48,49,50,0,51,52,53,0,54,55,56,0,57,58,59,0,60,61,62,0,63,64,65,0,66,67,68,0,69,70,71,0,72,73,74,0,75,76,77,0,78,79,80,0,81,82,83,0,84,85,86,0,87,88,89,0,90,91,92,0,93,94,95,0,96,97,98,0,99,100,101,0,102,103,104,0,105,106,107,0,108,109,110,0,111,112,113,0,114,115,116,0,117,118,119,0,120,121,122,0,123,124,125,0,126,127,128,0,129,130,131,0,132,133,134,0,135,136,137,0,138,139,140,0,141,142,143],
    "materials": [{
        "blending": "NormalBlending",
        "opacity": 0.0,
        "mapLightWrap": ["RepeatWrapping","RepeatWrapping"],
        "shading": "lambert",
        "DbgColor": 15658734,
        "transparent": false,
        "DbgName": "BZw_guanzi",
        "mapLightRepeat": [1,1],
        "depthTest": true,
        "DbgIndex": 0,
        "wireframe": false,
        "colorEmissive": [0.0,0.0,0.0],
        "colorDiffuse": [0.4704000066280365,0.4704000066280365,0.4704000066280365],
        "colorAmbient": [0.4704000066280365,0.4704000066280365,0.4704000066280365],
        "mapLight": "BZw_guanzi.tga",
        "depthWrite": true,
        "visible": true,
        "mapLightAnisotropy": 1.0
    }],
    "vertices": [58.22412872314453,-1.4028514669917058e-06,6.776263578034403e-21,29.112060546875,50.42357635498047,0.0,52.96363067626953,91.7357177734375,124.30142211914062,52.96363067626953,91.7357177734375,124.30142211914062,105.9272689819336,-2.130125267285621e-06,124.30142211914062,58.22412872314453,-1.4028514669917058e-06,6.776263578034403e-21,29.112060546875,50.42357635498047,0.0,-29.112070083618164,50.4235725402832,0.0,-52.96363830566406,91.73571014404297,124.30142211914062,-52.96363830566406,91.73571014404297,124.30142211914062,52.96363067626953,91.7357177734375,124.30142211914062,29.112060546875,50.42357635498047,0.0,-29.112070083618164,50.4235725402832,0.0,-58.22412872314453,-6.492966349469498e-06,0.0,-105.9272689819336,-1.1390582585590892e-05,124.30142211914062,-105.9272689819336,-1.1390582585590892e-05,124.30142211914062,-52.96363830566406,91.73571014404297,124.30142211914062,-29.112070083618164,50.4235725402832,0.0,-58.22412872314453,-6.492966349469498e-06,0.0,-29.112060546875,-50.423580169677734,0.0,-52.963626861572266,-91.7357177734375,124.30142211914062,-52.963626861572266,-91.7357177734375,124.30142211914062,-105.9272689819336,-1.1390582585590892e-05,124.30142211914062,-58.22412872314453,-6.492966349469498e-06,0.0,-29.112060546875,-50.423580169677734,0.0,29.112056732177734,-50.423580169677734,0.0,52.963626861572266,-91.7357177734375,124.30142211914062,52.963626861572266,-91.7357177734375,124.30142211914062,-52.963626861572266,-91.7357177734375,124.30142211914062,-29.112060546875,-50.423580169677734,0.0,29.112056732177734,-50.423580169677734,0.0,58.22412872314453,-1.4028514669917058e-06,6.776263578034403e-21,105.9272689819336,-2.130125267285621e-06,124.30142211914062,105.9272689819336,-2.130125267285621e-06,124.30142211914062,52.963626861572266,-91.7357177734375,124.30142211914062,29.112056732177734,-50.423580169677734,0.0,105.9272689819336,-2.130125267285621e-06,124.30142211914062,52.96363067626953,91.7357177734375,124.30142211914062,52.96363830566406,91.73572540283203,201.96878051757812,52.96363830566406,91.73572540283203,201.96878051757812,105.92727661132812,-2.9635843930009287e-06,201.96878051757812,105.9272689819336,-2.130125267285621e-06,124.30142211914062,52.96363067626953,91.7357177734375,124.30142211914062,-52.96363830566406,91.73571014404297,124.30142211914062,-52.963645935058594,91.73572540283203,201.96878051757812,-52.963645935058594,91.73572540283203,201.96878051757812,52.96363830566406,91.73572540283203,201.96878051757812,52.96363067626953,91.7357177734375,124.30142211914062,-52.96363830566406,91.73571014404297,124.30142211914062,-105.9272689819336,-1.1390582585590892e-05,124.30142211914062,-105.92727661132812,-1.2224040801811498e-05,201.96878051757812,-105.92727661132812,-1.2224040801811498e-05,201.96878051757812,-52.963645935058594,91.73572540283203,201.96878051757812,-52.96363830566406,91.73571014404297,124.30142211914062,-105.9272689819336,-1.1390582585590892e-05,124.30142211914062,-52.963626861572266,-91.7357177734375,124.30142211914062,-52.963626861572266,-91.73571014404297,201.96878051757812,-52.963626861572266,-91.73571014404297,201.96878051757812,-105.92727661132812,-1.2224040801811498e-05,201.96878051757812,-105.9272689819336,-1.1390582585590892e-05,124.30142211914062,-52.963626861572266,-91.7357177734375,124.30142211914062,52.963626861572266,-91.7357177734375,124.30142211914062,52.96363067626953,-91.73571014404297,201.96878051757812,52.96363067626953,-91.73571014404297,201.96878051757812,-52.963626861572266,-91.73571014404297,201.96878051757812,-52.963626861572266,-91.7357177734375,124.30142211914062,52.963626861572266,-91.7357177734375,124.30142211914062,105.9272689819336,-2.130125267285621e-06,124.30142211914062,105.92727661132812,-2.9635843930009287e-06,201.96878051757812,105.92727661132812,-2.9635843930009287e-06,201.96878051757812,52.96363067626953,-91.73571014404297,201.96878051757812,52.963626861572266,-91.7357177734375,124.30142211914062,105.92727661132812,-2.9635843930009287e-06,201.96878051757812,52.96363830566406,91.73572540283203,201.96878051757812,26.991798400878906,46.75117492675781,262.15765380859375,26.991798400878906,46.75117492675781,262.15765380859375,53.983604431152344,-2.447020506224362e-06,262.15765380859375,105.92727661132812,-2.9635843930009287e-06,201.96878051757812,52.96363830566406,91.73572540283203,201.96878051757812,-52.963645935058594,91.73572540283203,201.96878051757812,-26.991806030273438,46.75117111206055,262.15765380859375,-26.991806030273438,46.75117111206055,262.15765380859375,26.991798400878906,46.75117492675781,262.15765380859375,52.96363830566406,91.73572540283203,201.96878051757812,-52.963645935058594,91.73572540283203,201.96878051757812,-105.92727661132812,-1.2224040801811498e-05,201.96878051757812,-53.983604431152344,-7.166417162807193e-06,262.15765380859375,-53.983604431152344,-7.166417162807193e-06,262.15765380859375,-26.991806030273438,46.75117111206055,262.15765380859375,-52.963645935058594,91.73572540283203,201.96878051757812,-105.92727661132812,-1.2224040801811498e-05,201.96878051757812,-52.963626861572266,-91.73571014404297,201.96878051757812,-26.991798400878906,-46.75117492675781,262.15765380859375,-26.991798400878906,-46.75117492675781,262.15765380859375,-53.983604431152344,-7.166417162807193e-06,262.15765380859375,-105.92727661132812,-1.2224040801811498e-05,201.96878051757812,-52.963626861572266,-91.73571014404297,201.96878051757812,52.96363067626953,-91.73571014404297,201.96878051757812,26.99179458618164,-46.75117492675781,262.15765380859375,26.99179458618164,-46.75117492675781,262.15765380859375,-26.991798400878906,-46.75117492675781,262.15765380859375,-52.963626861572266,-91.73571014404297,201.96878051757812,52.96363067626953,-91.73571014404297,201.96878051757812,105.92727661132812,-2.9635843930009287e-06,201.96878051757812,53.983604431152344,-2.447020506224362e-06,262.15765380859375,53.983604431152344,-2.447020506224362e-06,262.15765380859375,26.99179458618164,-46.75117492675781,262.15765380859375,52.96363067626953,-91.73571014404297,201.96878051757812,-5.7220458984375e-06,-5.7220458984375e-06,7.3624267578125,-29.112070083618164,50.4235725402832,0.0,29.112060546875,50.42357635498047,0.0,53.983604431152344,-2.447020506224362e-06,262.15765380859375,0.0,0.0,237.45907592773438,26.99179458618164,-46.75117492675781,262.15765380859375,26.991798400878906,46.75117492675781,262.15765380859375,-26.991806030273438,46.75117111206055,262.15765380859375,0.0,0.0,237.45907592773438,-26.991806030273438,46.75117111206055,262.15765380859375,-53.983604431152344,-7.166417162807193e-06,262.15765380859375,0.0,0.0,237.45907592773438,0.0,0.0,237.45907592773438,