{
    "name": "Untitled.011Geometry",
    "faces": [0,0,1,2,0,3,4,5,0,6,7,8,0,9,10,11,0,12,13,14,0,15,16,17,0,18,19,20,0,21,22,23,0,24,25,26,0,27,28,29,0,30,31,32,0,33,34,35,0,36,37,38,0,39,40,41,0,42,43,44,0,45,46,47,0,48,49,50,0,51,52,53,0,54,55,56,0,57,58,59],
    "materials": [{
        "blending": "NormalBlending",
        "opacity": 0.0,
        "mapLightWrap": ["RepeatWrapping","RepeatWrapping"],
        "shading": "lambert",
        "DbgColor": 15658734,
        "transparent": false,
        "DbgName": "BZw_youtong1",
        "mapLightRepeat": [1,1],
        "depthTest": true,
        "DbgIndex": 0,
        "wireframe": false,
        "colorEmissive": [0.0,0.0,0.0],
        "colorDiffuse": [0.4704000066280365,0.4704000066280365,0.4704000066280365],
        "colorAmbient": [0.4704000066280365,0.4704000066280365,0.4704000066280365],
        "mapLight": "BZw_youtong1.png",
        "depthWrite": true,
        "visible": true,
        "mapLightAnisotropy": 1.0
    }],
    "vertices": [-63.32110595703125,0.37979429960250854,18.842514038085938,-67.50955963134766,42.15742111206055,42.59638595581055,76.0538330078125,42.15742492675781,67.91049194335938,76.0538330078125,42.15742492675781,67.91049194335938,80.2422866821289,0.379800021648407,44.1566047668457,-63.32110595703125,0.37979429960250854,18.842514038085938,-67.50955963134766,42.15742111206055,42.59638595581055,-75.88646697998047,42.157413482666016,90.1041488647461,67.67692565917969,42.157405853271484,115.4182357788086,67.67692565917969,42.157405853271484,115.4182357788086,76.0538330078125,42.15742492675781,67.91049194335938,-67.50955963134766,42.15742111206055,42.59638595581055,-75.88646697998047,42.157413482666016,90.1041488647461,-80.07489013671875,0.37979239225387573,113.8580322265625,63.488494873046875,0.37979429960250854,139.17214965820312,63.488494873046875,0.37979429960250854,139.17214965820312,67.67692565917969,42.157405853271484,115.4182357788086,-75.88646697998047,42.157413482666016,90.1041488647461,-80.07489013671875,0.37979239225387573,113.8580322265625,-75.8864517211914,-41.397823333740234,90.10414123535156,67.67694091796875,-41.397823333740234,115.41824340820312,67.67694091796875,-41.397823333740234,115.41824340820312,63.488494873046875,0.37979429960250854,139.17214965820312,-80.07489013671875,0.37979239225387573,113.8580322265625,-75.8864517211914,-41.397823333740234,90.10414123535156,-67.50955963134766,-41.3978271484375,42.59638977050781,76.05384063720703,-41.397823333740234,67.91048431396484,76.05384063720703,-41.397823333740234,67.91048431396484,67.67694091796875,-41.397823333740234,115.41824340820312,-75.8864517211914,-41.397823333740234,90.10414123535156,-67.50955963134766,-41.3978271484375,42.59638977050781,-63.32110595703125,0.37979429960250854,18.842514038085938,80.2422866821289,0.379800021648407,44.1566047668457,80.2422866821289,0.379800021648407,44.1566047668457,76.05384063720703,-41.397823333740234,67.91048431396484,-67.50955963134766,-41.3978271484375,42.59638977050781,-75.8864517211914,-41.397823333740234,90.10414123535156,-80.07489013671875,0.37979239225387573,113.8580322265625,-63.32110595703125,0.37979429960250854,18.842514038085938,-63.32110595703125,0.37979429960250854,18.842514038085938,-67.50955963134766,-41.3978271484375,42.59638977050781,-75.8864517211914,-41.397823333740234,90.10414123535156,63.488494873046875,0.37979429960250854,139.17214965820312,67.67694091796875,-41.397823333740234,115.41824340820312,76.05384063720703,-41.397823333740234,67.91048431396484,76.05384063720703,-41.397823333740234,67.91048431396484,80.2422866821289,0.379800021648407,44.1566047668457,63.488494873046875,0.37979429960250854,139.17214965820312,-75.88646697998047,42.157413482666016,90.1041488647461,-67.50955963134766,42.15742111206055,42.59638595581055,-63.32110595703125,0.37979429960250854,18.842514038085938,-63.32110595703125,0.37979429960250854,18.842514038085938,-80.07489013671875,0.37979239225387573,113.8580322265625,-75.88646697998047,42.157413482666016,90.1041488647461,76.0538330078125,42.15742492675781,67.91049194335938,67.67692565917969,42.157405853271484,115.4182357788086,63.488494873046875,0.37979429960250854,139.17214965820312,63.488494873046875,0.37979429960250854,139.17214965820312,80.2422866821289,0.379800021648407,44.1566047668457,76.0538330078125,42.15742492675781,67.91049194335938],
    "uvs": [0.17454709112644196,0.01336323469877243,0.3907741606235504,0.01336323469877243,0.3907741606235504,0.5598359704017639,0.3907741606235504,0.5598359704017639,0.17454709112644196,0.5598359704017639,0.17454709112644196,0.01336323469877243,0.3907741606235504,0.01336323469877243,0.6065793037414551,0.01336323469877243,0.6065793037414551,0.5598359704017639,0.6065793037414551,0.5598359704017639,0.3907741606235504,0.5598359704017639,0.3907741606235504,0.01336323469877243,0.6065793037414551,0.01336323469877243,0.8226260542869568,0.01336323469877243,0.8226260542869568,0.5598359704017639,0.8226260542869568,0.5598359704017639,0.6065793037414551,0.5598359704017639,0.6065793037414551,0.01336323469877243,0.17454709112644196,0.01336323469877243,0.3907741606235504,0.01336323469877243,0.3907741606235504,0.5598359704017639,0.3907741606235504,0.5598359704017639,0.17454709112644196,0.5598359704017639,0.17454709112644196,0.01336323469877243,0.3907741606235504,0.01336323469877243,0.6065793037414551,0.01336323469877243,0.6065793037414551,0.5598359704017639,0.6065793037414551,0.5598359704017639,0.3907741606235504,0.5598359704017639,0.3907741606235504,0.01336323469877243,0.6065793037414551,0.01336323469877243,0.8226260542869568,0.01336323469877243,0.8226260542869568,0.5598359704017639,0.8226260542869568,0.5598359704017639,0.6065793037414551,0.5598359704017639,0.6065793037414551,0.01336323469877243,0.26520732045173645,0.9857962727546692,0.02806827984750271,0.5771638751029968,0.9795569181442261,0.5771638751029968,0.9795569181442261,0.5771638751029968,0.7424179911613464,0.9857962727546692,0.26520732045173645,0.9857962727546692,0.02867116592824459,0.5771638751029968,0.26581019163131714,0.9857962727546692,0.74334716796875,0.9857962727546692,0.74334716796875,0.9857962727546692,0.9804861545562744,0.5771638751029968,0.02867116592824459,0.5771638751029968,0.2652072012424469,0.9857962727546692,0.7424179911613464,0.9857962727546692,0.9795569181442261,0.5771638751029968,0.9795569181442261,0.5771638751029968,0.02806827984750271,0.5771638751029968,0.2652072012424469,0.9857962727546692,0.74334716796875,0.9857962727546692,0.26581010222435,0.9857962727546692,0.02867116592824459,0.5771638751029968,0.02867116592824459,0.5771638751029968,0.9804861545562744,0.5771638751029968,0.74334716796875,0.9857962727546692],
    "normals": [-0.46311837434768677,0.0,-0.886288046836853,-0.5319070816040039,0.6862391829490662,-0.49607837200164795,0.669515073299408,0.6862391829490662,-0.2842493951320648,0.7383037805557251,0.0,-0.6744285225868225,-0.669515073299408,0.6862391829490662,0.2842493951320648,0.5319070816040039,0.6862391829490662,0.49607837200164795,-0.7383037805557251,0.0,0.6744285225868225,0.46311837434768677,0.0,0.886288046836853,-0.669515073299408,-0.6862391829490662,0.2842493951320648,0.5319070816040039,-0.6862391829490662,0.49607837200164795,-0.5319070816040039,-0.6862391829490662,-0.49607837200164795,0.669515073299408,-0.6862391829490662,-0.2842493951320648],
    "metadata": {
        "faces": 20,
        "type": "Geometry",
        "normals": 12,
        "generator": "io_three",
        "materials": 1,
        "vertices": 60,
        "uvs": 120,
        "version": 3
    }
}