{
    "name": "Untitled.014Geometry",
    "faces": [0,0,1,2,0,3,4,5,0,6,7,8,0,9,10,11,0,12,13,14,0,15,16,17,0,18,19,20,0,21,22,23,0,24,25,26,0,27,28,29,0,30,31,32,0,33,34,35,0,36,37,38,0,39,40,41,0,42,43,44,0,45,46,47,0,48,49,50,0,51,52,53,0,54,55,56,0,57,58,59,0,60,61,62,0,63,64,65,0,66,67,68,0,69,70,71,0,72,73,74,0,75,76,77],
    "materials": [{
        "blending": "NormalBlending",
        "opacity": -1.0,
        "mapLightWrap": ["RepeatWrapping","RepeatWrapping"],
        "shading": "lambert",
        "DbgColor": 15658734,
        "transparent": true,
        "DbgName": "BZn_lajitong1",
        "mapLightRepeat": [1,1],
        "depthTest": true,
        "DbgIndex": 0,
        "wireframe": false,
        "colorEmissive": [0.0,0.0,0.0],
        "colorDiffuse": [0.4704000066280365,0.4704000066280365,0.4704000066280365],
        "colorAmbient": [0.4704000066280365,0.4704000066280365,0.4704000066280365],
        "mapLight": "BZn_lajitong1.tga",
        "depthWrite": true,
        "visible": true,
        "mapLightAnisotropy": 1.0
    }],
    "vertices": [-40.187347412109375,-40.97859573364258,0.0,40.97859191894531,-40.97859573364258,0.0,40.97859191894531,-40.97859573364258,174.31192016601562,40.97859191894531,-40.97859573364258,174.31192016601562,-40.187347412109375,-40.97859573364258,174.31192016601562,-40.187347412109375,-40.97859573364258,0.0,40.97859191894531,-40.97859573364258,0.0,40.97859191894531,40.97858810424805,0.0,40.97859191894531,40.97858810424805,174.31192016601562,40.97859191894531,40.97858810424805,174.31192016601562,40.97859191894531,-40.97859573364258,174.31192016601562,40.97859191894531,-40.97859573364258,0.0,-40.187347412109375,-40.97859573364258,174.31192016601562,0.0,-21.717634201049805,173.11813354492188,-19.38591766357422,-15.211904525756836,173.11813354492188,40.97859191894531,-40.97859573364258,174.31192016601562,40.97859191894531,40.97858810424805,174.31192016601562,19.38591766357422,15.211904525756836,173.11813354492188,19.38591766357422,15.211904525756836,173.11813354492188,19.38591766357422,-15.096900939941406,173.11813354492188,40.97859191894531,-40.97859573364258,174.31192016601562,-19.38591766357422,-15.211904525756836,173.11813354492188,0.0,-21.717634201049805,173.11813354492188,8.389110917050857e-08,0.0,163.88169860839844,19.38591766357422,-15.096900939941406,173.11813354492188,19.38591766357422,15.211904525756836,173.11813354492188,8.389110917050857e-08,0.0,163.88169860839844,-40.187347412109375,-40.97859573364258,174.31192016601562,40.97859191894531,-40.97859573364258,174.31192016601562,19.38591766357422,-15.096900939941406,173.11813354492188,19.38591766357422,-15.096900939941406,173.11813354492188,0.0,-21.717634201049805,173.11813354492188,-40.187347412109375,-40.97859573364258,174.31192016601562,0.0,-21.717634201049805,173.11813354492188,19.38591766357422,-15.096900939941406,173.11813354492188,8.389110917050857e-08,0.0,163.88169860839844,40.97859191894531,40.97858810424805,0.0,40.97859191894531,-40.97859573364258,0.0,-40.187347412109375,-40.97859573364258,0.0,-40.187347412109375,-40.97859573364258,0.0,-40.21881103515625,40.97858810424805,0.0,40.97859191894531,40.97858810424805,0.0,40.97859191894531,40.97858810424805,0.0,-40.21881103515625,40.97858810424805,0.0,-40.21881103515625,40.97858810424805,174.31192016601562,-40.21881103515625,40.97858810424805,174.31192016601562,40.97859191894531,40.97858810424805,174.31192016601562,40.97859191894531,40.97858810424805,0.0,-40.21881103515625,40.97858810424805,0.0,-40.187347412109375,-40.97859573364258,0.0,-40.187347412109375,-40.97859573364258,174.31192016601562,-40.187347412109375,-40.97859573364258,174.31192016601562,-40.21881103515625,40.97858810424805,174.31192016601562,-40.21881103515625,40.97858810424805,0.0,40.97859191894531,40.97858810424805,174.31192016601562,-2.9574109703389695e-06,21.717634201049805,173.11813354492188,19.38591766357422,15.211904525756836,173.11813354492188,-40.21881103515625,40.97858810424805,174.31192016601562,-40.187347412109375,-40.97859573364258,174.31192016601562,-19.38591766357422,-15.211904525756836,173.11813354492188,-19.38591766357422,-15.211904525756836,173.11813354492188,-19.38591957092285,15.096898078918457,173.11813354492188,-40.21881103515625,40.97858810424805,174.31192016601562,19.38591766357422,15.211904525756836,173.11813354492188,-2.9574109703389695e-06,21.717634201049805,173.11813354492188,8.389110917050857e-08,0.0,163.88169860839844,-19.38591957092285,15.096898078918457,173.11813354492188,-19.38591766357422,-15.211904525756836,173.11813354492188,8.389110917050857e-08,0.0,163.88169860839844,40.97859191894531,40.97858810424805,174.31192016601562,-40.21881103515625,40.97858810424805,174.31192016601562,-19.38591957092285,15.096898078918457,173.11813354492188,-19.38591957092285,15.096898078918457,173.11813354492188,-2.9574109703389695e-06,21.717634201049805,173.11813354492188,40.97859191894531,40.97858810424805,174.31192016601562,-2.9574109703389695e-06,21.717634201049805,173.11813354492188,-19.38591957092285,15.096898078918457,173.11813354492188,8.389110917050857e-08,0.0,163.88169860839844],