{
    "vertices": [11512.048828125,12281.626953125,0.0,10871.1279296875,12284.65625,547.9708251953125,10871.05859375,10751.193359375,547.9708251953125,10871.05859375,10751.193359375,547.9708251953125,11512.0498046875,10747.9619140625,0.0,11512.048828125,12281.626953125,0.0,11512.0498046875,10747.9619140625,0.0,12142.5263671875,10747.9619140625,0.0,12142.525390625,12281.626953125,0.0,12142.525390625,12281.626953125,0.0,11512.048828125,12281.626953125,0.0,11512.0498046875,10747.9619140625,0.0,12142.5263671875,10747.9619140625,0.0,12782.708984375,10751.1943359375,547.9708251953125,12782.6875,12284.6572265625,547.9708251953125,12782.6875,12284.6572265625,547.9708251953125,12142.525390625,12281.626953125,0.0,12142.5263671875,10747.9619140625,0.0,12142.525390625,13815.2919921875,0.0,12782.6669921875,13818.1201171875,547.9708251953125,12782.6494140625,14515.6015625,547.9708251953125,12782.6494140625,14515.6015625,547.9708251953125,12142.525390625,14512.9453125,0.0,12142.525390625,13815.2919921875,0.0],
    "normals": [0.34672078490257263,0.0,0.9379558563232422,0.6498306393623352,0.0,0.7600634694099426,0.6498001217842102,0.0,0.7600939869880676,0.34589678049087524,0.0,0.9382610321044922,-0.34620195627212524,0.0,0.9381389617919922,-0.34702596068382263,0.0,0.9378337860107422,-0.6502578854560852,0.0,0.7596972584724426,-0.6502578854560852,0.0,0.7596667408943176,-0.6502884030342102,0.0,0.7596667408943176],
    "faces": [0,0,1,2,0,3,4,5,0,6,7,8,0,9,10,11,0,12,13,14,0,15,16,17,0,18,19,20,0,21,22,23],
    "metadata": {
        "generator": "io_three",
        "uvs": 48,
        "type": "Geometry",
        "vertices": 24,
        "normals": 9,
        "faces": 8,
        "version": 3,
        "materials": 1
    },
    "materials": [{
        "wireframe": false,
        "mapLightWrap": ["RepeatWrapping","RepeatWrapping"],
        "colorDiffuse": [0.4704000066280365,0.4704000066280365,0.4704000066280365],
        "DbgIndex": 0,
        "DbgName": "BZw_hedao2",
        "mapLightAnisotropy": 1.0,
        "colorEmissive": [0.0,0.0,0.0],
        "colorAmbient": [0.4704000066280365,0.4704000066280365,0.4704000066280365],
        "DbgColor": 15658734,
        "depthTest": true,
        "opacity": 0.0,
        "visible": true,
        "depthWrite": true,
        "shading": "lambert",
        "mapLightRepeat": [1,1],
        "blending": "NormalBlending",
        "mapLight": "BZw_hedao2.tga",
        "transparent": false
    }],
    "name": "Untitled.015Geometry",
    "uvs": [8.487539291381836,0.30254459381103516,8.487619400024414,0.9951253533363342,9.495902061462402,0.9941163063049316,9.495902061462402,0.9941163063049316,9.495709419250488,0.3015231192111969,8.487539291381836,0.30254459381103516,9.496416091918945,0.0036423690617084503,9.496192932128906,0.3017006516456604,8.48803424835205,0.3022657632827759,8.48803424835205,0.3022657632827759,8.48823356628418,0.0035668271593749523,9.496416091918945,0.0036423690617084503,9.496192932128906,0.3017006516456604,9.496395111083984,0.9926412105560303,8.48812198638916,0.9938263893127441,8.48812198638916,0.9938263893127441,8.48803424835205,0.3022657632827759,9.496192932128906,0.3017006516456604,7.479875564575195,0.30283090472221375,7.479848384857178,0.995011568069458,7.021244525909424,0.9950605630874634,7.021244525909424,0.9950605630874634,7.021271228790283,0.30288413166999817,7.479875564575195,0.30283090472221375]
}