{
    "vertices": [11512.048828125,13815.2919921875,0.0,10871.19921875,13818.119140625,547.9708251953125,10871.162109375,13028.3857421875,547.9708251953125,10871.162109375,13028.3857421875,547.9708251953125,11512.048828125,13025.4541015625,0.0,11512.048828125,13815.2919921875,0.0,10871.19921875,13818.119140625,547.9708251953125,11512.048828125,13815.2919921875,0.0,11512.048828125,14512.9453125,0.0,11512.048828125,14512.9453125,0.0,10871.259765625,14515.6005859375,547.9708251953125,10871.19921875,13818.119140625,547.9708251953125,11512.048828125,13815.2919921875,0.0,12142.525390625,13815.2919921875,0.0,12142.525390625,14512.9453125,0.0,12142.525390625,14512.9453125,0.0,11512.048828125,14512.9453125,0.0,11512.048828125,13815.2919921875,0.0],
    "normals": [0.6498611569404602,0.0,0.7600329518318176,0.6498916745185852,-3.0518509447574615e-05,0.7600024342536926,0.34598833322525024,0.0,0.9381999969482422,0.34672078490257263,0.0,0.9379558563232422,0.0,0.0,1.0,0.0,0.0,0.999969482421875],
    "faces": [0,0,1,2,0,3,4,5,0,6,7,8,0,9,10,11,0,12,13,14,0,15,16,17],
    "metadata": {
        "generator": "io_three",
        "uvs": 36,
        "type": "Geometry",
        "vertices": 18,
        "normals": 6,
        "faces": 6,
        "version": 3,
        "materials": 1
    },
    "materials": [{
        "wireframe": false,
        "mapLightWrap": ["RepeatWrapping","RepeatWrapping"],
        "colorDiffuse": [0.4704000066280365,0.4704000066280365,0.4704000066280365],
        "DbgIndex": 0,
        "DbgName": "BZw_hedao3",
        "mapLightAnisotropy": 1.0,
        "colorEmissive": [0.0,0.0,0.0],
        "colorAmbient": [0.4704000066280365,0.4704000066280365,0.4704000066280365],
        "DbgColor": 15658734,
        "depthTest": true,
        "opacity": 0.0,
        "visible": true,
        "depthWrite": true,
        "shading": "lambert",
        "mapLightRepeat": [1,1],
        "blending": "NormalBlending",
        "mapLight": "BZw_hedao3.tga",
        "transparent": false
    }],
    "name": "Untitled.012Geometry",
    "uvs": [7.479368686676025,0.3035660684108734,7.479335784912109,0.9961344599723816,7.998601913452148,0.995614767074585,7.998601913452148,0.995614767074585,7.998576641082764,0.3030399978160858,7.479368686676025,0.3035660684108734,7.479335784912109,0.9961344599723816,7.479368686676025,0.3035660684108734,7.020758628845215,0.30352434515953064,7.020758628845215,0.30352434515953064,7.020727157592773,0.9960619211196899,7.479335784912109,0.9961344599723816,7.480050563812256,0.0034912852570414543,7.479875564575195,0.30283090472221375,7.021271228790283,0.30288413166999817,7.021271228790283,0.30288413166999817,7.021435737609863,0.0035398993641138077,7.480050563812256,0.0034912852570414543]
}