{
    "vertices": [12139.8486328125,465.8167724609375,0.0,-12139.8486328125,465.8131103515625,0.0,-12139.8486328125,-601.616455078125,0.0,-12139.8486328125,-601.616455078125,0.0,12139.8486328125,-601.61279296875,0.0,12139.8486328125,465.8167724609375,0.0,424.64990234375,789.9209594726562,0.0,424.650146484375,25016.46875,0.0,-406.144775390625,25016.46875,0.0,-406.144775390625,25016.46875,0.0,-406.14501953125,789.9208374023438,0.0,424.64990234375,789.9209594726562,0.0,424.64990234375,789.9209594726562,0.0,-406.14501953125,789.9208374023438,0.0,-812.62109375,464.8367919921875,0.0,-812.62109375,464.8367919921875,0.0,831.1256103515625,464.8370361328125,0.0,424.64990234375,789.9209594726562,0.0,-406.144775390625,25016.46875,0.0,424.650146484375,25016.46875,0.0,939.6126708984375,25449.63671875,0.0,939.6126708984375,25449.63671875,0.0,-921.107421875,25449.63671875,0.0,-406.144775390625,25016.46875,0.0,12139.8447265625,26398.267578125,0.0,-12139.8525390625,26398.263671875,0.0,-12139.8525390625,25443.2421875,0.0,-12139.8525390625,25443.2421875,0.0,12139.8447265625,25443.24609375,0.0,12139.8447265625,26398.267578125,0.0],
    "normals": [0.0,0.0,0.999969482421875,0.0,0.0,1.0],
    "faces": [0,0,1,2,0,3,4,5,0,6,7,8,0,9,10,11,0,12,13,14,0,15,16,17,0,18,19,20,0,21,22,23,0,24,25,26,0,27,28,29],
    "metadata": {
        "generator": "io_three",
        "uvs": 60,
        "type": "Geometry",
        "vertices": 30,
        "normals": 2,
        "faces": 10,
        "version": 3,
        "materials": 1
    },
    "materials": [{
        "wireframe": false,
        "mapLightWrap": ["RepeatWrapping","RepeatWrapping"],
        "colorDiffuse": [0.4704000066280365,0.4704000066280365,0.4704000066280365],
        "DbgIndex": 0,
        "DbgName": "BZw_heshui",
        "mapLightAnisotropy": 1.0,
        "colorEmissive": [0.0,0.0,0.0],
        "colorAmbient": [0.4704000066280365,0.4704000066280365,0.4704000066280365],
        "DbgColor": 15658734,
        "depthTest": true,
        "opacity": -1.0,
        "visible": true,
        "depthWrite": true,
        "shading": "lambert",
        "mapLightRepeat": [1,1],
        "blending": "NormalBlending",
        "mapLight": "BZw_heshui.tga",
        "transparent": true
    }],
    "name": "Untitled.019Geometry",
    "uvs": [-5.960464477539063e-08,2.842297077178955,1.5893256488652696e-08,-1.842297077178955,1.0,-1.842296838760376,1.0,-1.842296838760376,0.9999999403953552,2.842297315597534,-5.960464477539063e-08,2.842297077178955,1.0,-0.8171287178993225,1.0000001192092896,1.8171284198760986,5.960464477539063e-08,1.8171286582946777,5.960464477539063e-08,1.8171286582946777,0.0,-0.8171283006668091,1.0,-0.8171287178993225,0.9812881946563721,-0.8195030689239502,0.07164705544710159,-0.8236488103866577,-0.37177324295043945,-0.9325213432312012,-0.37177324295043945,-0.9325213432312012,1.4279729127883911,-0.9243190884590149,0.9812881946563721,-0.8195030689239502,0.03918865695595741,1.8199005126953125,0.9873376488685608,1.8199002742767334,1.5750412940979004,1.9348642826080322,1.5750412940979004,1.9348642826080322,-0.5485144257545471,1.9348649978637695,0.03918865695595741,1.8199005126953125,-5.960464477539063e-08,2.8807382583618164,1.5893256488652696e-08,-1.8807387351989746,1.0,-1.880738377571106,1.0,-1.880738377571106,0.9999999403953552,2.8807384967803955,-5.960464477539063e-08,2.8807382583618164]
}